panel,run,update,valid,policy_sha256,bc_collision_count,ppo_collision_count,collision_shared,collision_resolved,collision_created,collision_net_reduction,collision_jaccard,collision_exact_p,collision_cluster_bootstrap_diff_ci_low,collision_cluster_bootstrap_diff_ci_high,bc_tail_count,ppo_tail_count,tail_shared,tail_resolved,tail_created,tail_net_reduction,tail_jaccard,tail_exact_p,tail_cluster_bootstrap_diff_ci_low,tail_cluster_bootstrap_diff_ci_high,bc_tail_scenarios_still_any_collision,bc_tail_scenarios_now_overtake,bc_tail_scenarios_now_follow,collision_exact_p_holm_all_valid_panels,tail_exact_p_holm_all_valid_panels
ppo_independent_gru_0721_base_u0001,ppo_independent_gru_0721_base,1,True,42f4ceb55e2b80bc0e552ed587a99f2cc80d653d536aa05911a0743088efeaa5,22,19,15,7,4,3,0.5769230769230769,0.548828125,-4.0,10.0,11,10,7,4,3,1,0.5,1.0,-4.0,6.0,9,2,0,1.0,1.0
ppo_independent_gru_0721_base_u0005,ppo_independent_gru_0721_base,5,True,cbc6c8556428c6987dec0777839c38ecc9752f2cd0100c954dabe78c249271cb,22,19,9,13,10,3,0.28125,0.6776394844055176,-7.0,13.0,11,12,4,7,8,-1,0.21052631578947367,1.0,-8.0,7.0,4,7,0,1.0,1.0
ppo_independent_gru_0721_base_u0010,ppo_independent_gru_0721_base,10,True,0dcca54601aaa55f6367d3011caa749b994973e6c5cc6c248bcb12b20f112b1d,22,27,10,12,17,-5,0.2564102564102564,0.45825831964612007,-16.0,5.0,11,12,4,7,8,-1,0.21052631578947367,1.0,-8.0,6.0,5,4,2,1.0,1.0
ppo_independent_gru_0721_base_u0015,ppo_independent_gru_0721_base,15,True,17fbeb07baa1495b299524322f89a62cd85e489d1c3218f7ff2e2f3d1b78846c,22,29,11,11,18,-7,0.275,0.26493089646101,-18.0,4.0,11,15,2,9,13,-4,0.08333333333333333,0.5234670639038086,-12.0,5.0,4,5,2,1.0,1.0
ppo_independent_gru_0721_base_u0020,ppo_independent_gru_0721_base,20,True,e35a4086b8018ceab826171e0ebfed9338f5e759d1e2963ca7170deacfc00632,22,34,10,12,24,-12,0.21739130434782608,0.06524533522315325,-23.0,-1.0,11,16,3,8,13,-5,0.125,0.38331031799316406,-14.0,3.0,4,5,2,1.0,1.0
ppo_privilege_gru_0721_base_u0001,ppo_privilege_gru_0721_base,1,True,cd834221f0eda2b90e24df961e666c5258df326a8726751972984198a2c2847b,22,16,13,9,3,6,0.52,0.14599609375,-1.0,13.0,11,8,5,6,3,3,0.35714285714285715,0.5078125,-3.0,9.0,6,5,0,1.0,1.0
ppo_privilege_gru_0721_base_u0005,ppo_privilege_gru_0721_base,5,True,618491a0cf7d2a6a9243a310b957cec6ad546be17eba4eec7d0074bb44ea8c20,22,18,13,9,5,4,0.48148148148148145,0.4239501953125,-3.0,12.0,11,11,6,5,5,0,0.375,1.0,-6.0,6.0,8,3,0,1.0,1.0
ppo_privilege_gru_0721_base_u0010,ppo_privilege_gru_0721_base,10,True,aad2df344457398cdb11dd7afd900269227f2dca3c006766ddf4243d5297c0a0,22,18,8,14,10,4,0.25,0.5412561893463135,-6.0,14.0,11,11,4,7,7,0,0.2222222222222222,1.0,-8.0,7.0,4,6,1,1.0,1.0
ppo_privilege_gru_0721_base_u0015,ppo_privilege_gru_0721_base,15,True,92b61b0acc338600857d4ce79b94085a05828619252cd89b5c42e83a6253be5f,22,14,10,12,4,8,0.38461538461538464,0.076812744140625,0.0,17.0,11,8,5,6,3,3,0.35714285714285715,0.5078125,-3.0,9.0,5,6,0,1.0,1.0
ppo_privilege_gru_0721_base_u0020,ppo_privilege_gru_0721_base,20,True,1258854cc7c3c0d7c1225706919ba36f84c9f24dca8d901e69895fb83762a9b8,22,14,12,10,2,8,0.5,0.03857421875,2.0,15.0,11,7,6,5,1,4,0.5,0.21875,0.0,9.0,8,3,0,1.0,1.0
ppo_privilege_gru_0721_bs25600_u0001,ppo_privilege_gru_0721_bs25600,1,True,b759fa2fb93e4d9c25ca513552d6e6a2fa09f8152ee81cee62b851d148e13be0,22,18,12,10,6,4,0.42857142857142855,0.454498291015625,-5.0,13.0,11,8,5,6,3,3,0.35714285714285715,0.5078125,-3.0,9.0,7,4,0,1.0,1.0
ppo_privilege_gru_0721_bs25600_u0005,ppo_privilege_gru_0721_bs25600,5,True,f1ebbb9ffbdb249953fa9a4f67ac3ae78fc08aee156b9451bfd2aa4acd2846d4,22,22,11,11,11,0,0.3333333333333333,1.0,-10.0,10.0,11,12,5,6,7,-1,0.2777777777777778,1.0,-8.0,6.0,5,6,0,1.0,1.0
ppo_privilege_gru_0721_bs25600_u0010,ppo_privilege_gru_0721_bs25600,10,True,70d71e83ff29afe61b9134e48a356b91b048a3247104669085e6f082a547f9d8,22,21,14,8,7,1,0.4827586206896552,1.0,-6.0,9.0,11,10,7,4,3,1,0.5,1.0,-4.0,6.0,8,3,0,1.0,1.0
ppo_privilege_gru_0721_bs25600_u0015,ppo_privilege_gru_0721_bs25600,15,True,640bc478a8d4361cb5466dd90da60eca205df1ee36c7d2f0590e93f6b28ad70e,22,22,15,7,7,0,0.5172413793103449,1.0,-8.0,8.0,11,11,8,3,3,0,0.5714285714285714,1.0,-5.0,5.0,9,2,0,1.0,1.0
ppo_privilege_gru_0721_bs25600_u0020,ppo_privilege_gru_0721_bs25600,20,True,867e3d11590ab7cd254237ed147bdcea5f145ac1b2cee3e73b7aedffa9c5920e,22,16,9,13,7,6,0.3103448275862069,0.26317596435546875,-3.0,16.0,11,8,5,6,3,3,0.35714285714285715,0.5078125,-3.0,9.0,6,5,0,1.0,1.0
ppo_privilege_gru_0721_bs51200_u0001,ppo_privilege_gru_0721_bs51200,1,True,f23b4eac2034fb05ea188afb25b585a58e6ca0910486d8978695a0c894a00028,22,22,15,7,7,0,0.5172413793103449,1.0,-8.0,7.024999999999636,11,7,5,6,2,4,0.38461538461538464,0.2890625,-1.0,10.0,8,3,0,1.0,1.0
ppo_privilege_gru_0721_bs51200_u0005,ppo_privilege_gru_0721_bs51200,5,True,b6cdba5cfbbd02f14acf5c733e281145ef6317160dfdcd50ccea9919fb795854,22,17,12,10,5,5,0.4444444444444444,0.30175781249999994,-3.0,13.0,11,8,5,6,3,3,0.35714285714285715,0.5078125,-3.0,9.0,7,3,1,1.0,1.0
ppo_privilege_gru_0721_bs51200_u0010,ppo_privilege_gru_0721_bs51200,10,True,9d8c67229adc99d14ec020c3a8549f2c8af262126c50be487f12f4fc753a8f09,22,15,10,12,5,7,0.37037037037037035,0.143463134765625,-1.0,16.0,11,7,4,7,3,4,0.2857142857142857,0.34375,-2.0,10.0,6,5,0,1.0,1.0
ppo_privilege_gru_0721_bs51200_u0015,ppo_privilege_gru_0721_bs51200,15,True,4f0f5d11242c2d863c1387878b54ba9e02dd4f5a25404e73f385fab1e0da6f59,22,17,11,11,6,5,0.39285714285714285,0.332305908203125,-4.0,15.0,11,10,6,5,4,1,0.4,1.0,-5.0,7.0,9,2,0,1.0,1.0
ppo_privilege_gru_0721_bs51200_u0020,ppo_privilege_gru_0721_bs51200,20,True,74fa5ca45b6baae212fc867fb4599de06acead5ae94db5408da261b01f8fe0e4,22,21,10,12,11,1,0.30303030303030304,1.0,-9.0,11.0,11,11,5,6,6,0,0.29411764705882354,1.0,-7.0,7.0,6,5,0,1.0,1.0
ppo_privilege_gru_0721_clip010_u0001,ppo_privilege_gru_0721_clip010,1,True,b0cf85939fcf3d41b84193432a2e0b38de9f59c97d7e3f99ee792c341c2a54fe,22,28,18,4,10,-6,0.5625,0.1795654296875,-14.0,2.0,11,12,6,5,6,-1,0.35294117647058826,1.0,-8.0,5.0,9,2,0,1.0,1.0
ppo_privilege_gru_0721_clip010_u0005,ppo_privilege_gru_0721_clip010,5,True,5d67d3b8bac6f10b69e07e9c89969d4d124bda0a1e7eb2918792e8bcc9dfd2ee,22,23,15,7,8,-1,0.5,1.0,-10.0,7.0,11,13,5,6,8,-2,0.2631578947368421,0.79052734375,-10.0,5.0,5,5,1,1.0,1.0
ppo_privilege_gru_0721_clip010_u0010,ppo_privilege_gru_0721_clip010,10,True,07bf11241309bcffecf386703c6e17899a304b5a07275440a4a2e31cf2f9357a,22,17,13,9,4,5,0.5,0.266845703125,-2.0,12.0,11,9,5,6,4,2,0.3333333333333333,0.75390625,-4.0,8.0,6,5,0,1.0,1.0
ppo_privilege_gru_0721_clip010_u0015,ppo_privilege_gru_0721_clip010,15,True,239b8bfe0bb432f3caf2dbab724116ea8a72b4f4093ea8d9d03c16def931b9ca,22,28,13,9,15,-6,0.35135135135135137,0.30745625495910645,-16.0,4.0,11,17,8,3,9,-6,0.4,0.14599609375,-12.0,0.0,8,1,2,1.0,1.0
ppo_privilege_gru_0721_clip010_u0020,ppo_privilege_gru_0721_clip010,20,True,c65b8d40fc3a278baa04bd68d090161eb54a4580de4a591e5216c84ef51e914b,22,20,11,11,9,2,0.3548387096774194,0.8238029479980469,-7.0,11.0,11,9,4,7,5,2,0.25,0.7744140625,-5.0,9.0,5,4,2,1.0,1.0
ppo_privilege_gru_0721_clip020_u0001,ppo_privilege_gru_0721_clip020,1,True,fa93f9b72aac661ad5b581a686d366a5e35920d468bf6d5f7e2192e6993fe31c,22,24,16,6,8,-2,0.5333333333333333,0.79052734375,-9.0,5.0,11,13,7,4,6,-2,0.4117647058823529,0.75390625,-8.0,4.0,8,3,0,1.0,1.0
ppo_privilege_gru_0721_clip020_u0005,ppo_privilege_gru_0721_clip020,5,True,4a12c95846556bf549d4fabd3fc4aa914bf9c0fba8fd26bee90a5d557913df9a,22,23,9,13,14,-1,0.25,1.0,-11.0,9.0,11,11,3,8,8,0,0.15789473684210525,1.0,-8.0,7.0,3,7,1,1.0,1.0
ppo_privilege_gru_0721_clip020_u0010,ppo_privilege_gru_0721_clip020,10,True,a0683ce93830a259ef6416a00b4a780c79dfcdd20b46408b0c493dbb88754da4,22,22,6,16,16,0,0.15789473684210525,1.0,-11.0,11.0,11,12,2,9,10,-1,0.09523809523809523,1.0,-9.0,7.0,3,8,0,1.0,1.0
ppo_privilege_gru_0721_clip020_u0015,ppo_privilege_gru_0721_clip020,15,True,29d8da4937bc4c2accde7538bdae795004f3880355b0fb856eecb7298b0bc4c7,22,18,6,16,12,4,0.17647058823529413,0.5715881884098053,-5.0,14.0,11,12,2,9,10,-1,0.09523809523809523,1.0,-9.0,7.0,2,8,1,1.0,1.0
ppo_privilege_gru_0721_clip020_u0020,ppo_privilege_gru_0721_clip020,20,True,ef62da0bbef209ebcdcd56c34d0eb73041b72e0edff2ec408b4736278c054c47,22,14,4,18,10,8,0.125,0.1849333420395851,-2.0249999999999915,19.0,11,8,1,10,7,3,0.05555555555555555,0.629058837890625,-5.0,11.0,1,9,1,1.0,1.0
ppo_privilege_gru_0722_clip015_tkl002_u0001,ppo_privilege_gru_0722_clip015_tkl002,1,True,21a780cbb51b262451663ee7fdcc31796c1e7920bfa2e1a47a2016c471dc05ba,22,20,13,9,7,2,0.4482758620689655,0.803619384765625,-6.0,10.0,11,10,6,5,4,1,0.4,1.0,-5.0,7.0,7,4,0,1.0,1.0
ppo_privilege_gru_0722_clip015_tkl002_u0005,ppo_privilege_gru_0722_clip015_tkl002,5,True,7747578d27d569a2c6e674867d9bc6e4acb9ff31fa3065d834ddc2b56d0df9e1,22,17,9,13,8,5,0.3,0.38331031799316406,-4.0,15.0,11,9,4,7,5,2,0.25,0.7744140625,-5.0,9.0,5,5,1,1.0,1.0
ppo_privilege_gru_0722_clip015_tkl002_u0010,ppo_privilege_gru_0722_clip015_tkl002,10,True,9896e892136b5d6d9201df46095b493ae0e1aa6dd8f07ae25c72e5d89dc09274,22,19,15,7,4,3,0.5769230769230769,0.548828125,-3.0,10.0,11,8,5,6,3,3,0.35714285714285715,0.5078125,-3.0,9.0,6,5,0,1.0,1.0
ppo_privilege_gru_0722_clip015_tkl002_u0015,ppo_privilege_gru_0722_clip015_tkl002,15,True,79ed8c85d0c9d5dd4e1579601032f2fa6570844926f231cb7877b2a2b8be05e9,22,18,14,8,4,4,0.5384615384615384,0.3876953125,-3.0,11.0,11,7,5,6,2,4,0.38461538461538464,0.2890625,-1.0,10.0,6,5,0,1.0,1.0
ppo_privilege_gru_0722_clip015_tkl002_u0020,ppo_privilege_gru_0722_clip015_tkl002,20,True,5c88ffd7f20539a5c44bed7199198e334d8a89cddbf511022399edadf4ef37fc,22,20,13,9,7,2,0.4482758620689655,0.803619384765625,-6.0,10.0,11,8,5,6,3,3,0.35714285714285715,0.5078125,-3.0,9.0,7,4,0,1.0,1.0
ppo_privilege_gru_0722_clip015_tkl004_u0001,ppo_privilege_gru_0722_clip015_tkl004,1,True,df761140b8657b4427fc9e4f45a54e348ca3687335f6917a785c0b0ac2a878c6,22,23,11,11,12,-1,0.3235294117647059,1.0,-11.0,10.0,11,9,4,7,5,2,0.25,0.7744140625,-5.0,9.0,5,6,0,1.0,1.0
ppo_privilege_gru_0722_clip015_tkl004_u0005,ppo_privilege_gru_0722_clip015_tkl004,5,True,0aec12134c4abf75dbda4eb11345b854445fd3fc25caa2ab0e724bf85d04e465,22,45,7,15,38,-23,0.11666666666666667,0.0021901868838920535,-38.0,-9.0,11,14,2,9,12,-3,0.08695652173913043,0.6636238098144531,-12.0,6.0,2,8,1,0.19492663266639276,1.0
ppo_privilege_gru_0722_clip015_tkl004_u0010,ppo_privilege_gru_0722_clip015_tkl004,10,True,98e45612c12ca437f19de86b6ef5ee4a34cb2f9d73725fb3764dcf5fcdece1d4,22,70,6,16,64,-48,0.06976744186046512,5.8713304145961997e-08,-68.0,-29.0,11,18,0,11,18,-7,0.0,0.26493089646101,-18.0,3.0,0,10,1,5.342910677282542e-06,1.0
ppo_privilege_gru_0722_clip015_tkl004_u0015,ppo_privilege_gru_0722_clip015_tkl004,15,True,fc77d245136a2be21f63fe7f7473cb5162d94e70188f63a72724cb9db9201dff,22,58,8,14,50,-36,0.1111111111111111,7.069487542545679e-06,-52.0,-20.0,11,16,1,10,15,-5,0.038461538461538464,0.42435622215270996,-16.0,5.0,1,10,0,0.0006362538788291111,1.0
ppo_privilege_gru_0722_clip015_tkl004_u0020,ppo_privilege_gru_0722_clip015_tkl004,20,True,3a76d92b1894addb0b16a11c21ba2236ac22dc31d202349edf3df8359d9c8305,22,33,8,14,25,-11,0.1702127659574468,0.10812902140605732,-25.0,3.0,11,12,1,10,11,-1,0.045454545454545456,1.0,-10.0,8.024999999999636,1,9,1,1.0,1.0
ppo_privilege_gru_0722_long45_clip020_u0035,ppo_privilege_gru_0722_long45_clip020,35,True,85e470cee27502eadd3d7a13328ba3bfce5a9a008d5dfcaf4f6a35ac89e825ab,22,14,9,13,5,8,0.3333333333333333,0.09625244140625,0.0,16.0,11,7,4,7,3,4,0.2857142857142857,0.34375,-2.0,10.0,5,6,0,1.0,1.0
ppo_privilege_gru_0722_long45_clip020_u0040,ppo_privilege_gru_0722_long45_clip020,40,True,1befd76ef1c4a7fb56dbb82d55ebb1086e1a8196f6662a1429d8fbbc1ba5e46e,22,11,7,15,4,11,0.2692307692307692,0.0192108154296875,2.0,21.0,11,8,3,8,5,3,0.1875,0.5810546875,-4.0,10.0,3,8,0,1.0,1.0
ppo_privilege_gru_0722_long45_clip020_u0045,ppo_privilege_gru_0722_long45_clip020,45,True,5233f5096a610e3db618f944fa78cc20530998124a2478ecf4454850e54c2325,22,12,7,15,5,10,0.25925925925925924,0.04138946533203125,1.0,20.0,11,7,4,7,3,4,0.2857142857142857,0.34375,-2.0,11.0,4,7,0,1.0,1.0
ppo_privilege_gru_0722_long45_clip020_hard_u0001,ppo_privilege_gru_0722_long45_clip020_hard,1,True,84c95c0b8ce636c980f5d47840d20fa248c52ac131dd163df99e2223b2bfbe94,22,19,13,9,6,3,0.4642857142857143,0.6072387695312499,-4.0249999999999915,11.0,11,9,5,6,4,2,0.3333333333333333,0.75390625,-4.0,8.0,6,5,0,1.0,1.0
ppo_privilege_gru_0722_long45_clip020_hard_u0005,ppo_privilege_gru_0722_long45_clip020_hard,5,True,6b385bd648c3c6ad638e4f1b0211d2ad0544dc9c5aca32f422f99c798668ccc9,22,18,10,12,8,4,0.3333333333333333,0.5034446716308594,-5.0,13.0,11,8,4,7,4,3,0.26666666666666666,0.548828125,-4.0,10.0,5,6,0,1.0,1.0
ppo_privilege_gru_0722_long45_clip020_hard_u0010,ppo_privilege_gru_0722_long45_clip020_hard,10,True,58f5c055c11cfa37ab19a564a9bfaae20206c353b85281b0514a05236bc97ed7,22,19,13,9,6,3,0.4642857142857143,0.6072387695312499,-4.0,11.0,11,7,6,5,1,4,0.5,0.21875,-1.0,9.0,7,4,0,1.0,1.0
ppo_privilege_gru_0722_long45_clip020_hard_u0015,ppo_privilege_gru_0722_long45_clip020_hard,15,True,1e77acdc290f1d981471075b94a8d8729ba5835b7535f92a33d0283ecb467bcf,22,15,11,11,4,7,0.4230769230769231,0.11846923828124999,-1.0,15.0,11,4,4,7,0,7,0.36363636363636365,0.015625,2.0,12.0,5,6,0,1.0,1.0
ppo_privilege_gru_0722_long45_clip020_hard_u0020,ppo_privilege_gru_0722_long45_clip020_hard,20,True,f0a4f9ad7846088452c9bf132d9b9ce4ecc97d2a5ae75671fa4188c58cf71c9e,22,14,11,11,3,8,0.44,0.057373046875,1.0,16.0,11,7,5,6,2,4,0.38461538461538464,0.2890625,-1.0,10.0,6,5,0,1.0,1.0
ppo_privilege_gru_0722_long45_clip020_hard_u0025,ppo_privilege_gru_0722_long45_clip020_hard,25,True,8e426ab4c0f65228622b95c185b9285ea30e259851ffcf79dca6ea1f1f2049b5,22,22,8,14,14,0,0.2222222222222222,1.0,-12.0,11.0,11,10,2,9,8,1,0.10526315789473684,1.0,-7.0,9.0,2,9,0,1.0,1.0
ppo_privilege_gru_0722_long45_clip020_hard_u0030,ppo_privilege_gru_0722_long45_clip020_hard,30,True,edf615650d53b489dd728fe52db3287a625fe48f5e229273359d1a71abb1498a,22,26,7,15,19,-4,0.17073170731707318,0.6075913612730801,-16.0,8.0,11,6,1,10,5,5,0.0625,0.30175781249999994,-2.0,13.0,1,10,0,1.0,1.0
ppo_privilege_gru_0722_long45_clip020_hard_u0035,ppo_privilege_gru_0722_long45_clip020_hard,35,True,d8030e3df51236ace0efad1dc4d27b775dd38c211c16c7be7be13d8f9de8b187,22,20,4,18,16,2,0.10526315789473684,0.8641662404406816,-9.0,14.0,11,2,0,11,2,9,0.0,0.0224609375,2.0,16.0,0,11,0,1.0,1.0
ppo_privilege_gru_0722_long45_clip020_hard_u0040,ppo_privilege_gru_0722_long45_clip020_hard,40,True,408996c560c956a23dbb3cf0ccc5214c0dd4c8cf554220026b23a4051ef6c33f,22,22,7,15,15,0,0.1891891891891892,1.0,-11.0,10.0,11,6,0,11,6,5,0.0,0.332305908203125,-4.0,13.0,0,11,0,1.0,1.0
ppo_privilege_gru_0722_long45_clip020_hard_u0045,ppo_privilege_gru_0722_long45_clip020_hard,45,True,c3d45a1ac70b54df9a28fdf30b453fb11b6617981d7e537de9ad95bfc1d7b5fd,22,17,7,15,10,5,0.21875,0.42435622215270996,-5.0,15.0,11,4,0,11,4,7,0.0,0.11846923828124999,0.0,15.0,0,11,0,1.0,1.0
ppo_privilege_gru_0722_long45_clip025_u0001,ppo_privilege_gru_0722_long45_clip025,1,True,6850171c2b9e8c9f5d27d983c1351420853ab650cf1fcebc7dfc4442b54562ce,22,18,16,6,2,4,0.6666666666666666,0.2890625,-1.0,10.0,11,7,6,5,1,4,0.5,0.21875,-1.0,9.0,7,4,0,1.0,1.0
ppo_privilege_gru_0722_long45_clip025_u0005,ppo_privilege_gru_0722_long45_clip025,5,True,32872d07b47f12e768f409abeb3883c682c70b92c94568e14ea842476b12d767,22,23,16,6,7,-1,0.5517241379310345,1.0,-8.0,6.0,11,11,7,4,4,0,0.4666666666666667,1.0,-5.0,6.0,7,4,0,1.0,1.0
ppo_privilege_gru_0722_long45_clip025_u0010,ppo_privilege_gru_0722_long45_clip025,10,True,0b103011520f995dd78451e562c0dad29ddfaeae4f110f434fe22cc4f3578ee6,22,15,10,12,5,7,0.37037037037037035,0.143463134765625,-1.0,15.0,11,3,2,9,1,8,0.16666666666666666,0.021484375,2.0,15.0,4,7,0,1.0,1.0
ppo_privilege_gru_0722_long45_clip025_u0015,ppo_privilege_gru_0722_long45_clip025,15,True,e8dc817dbff19696c943cd7e63ce65b00e878869132ac2980c2f8bc2a0766f3a,22,15,12,10,3,7,0.48,0.09228515625,0.0,15.0,11,6,5,6,1,5,0.4166666666666667,0.125,0.0,11.0,7,4,0,1.0,1.0
ppo_privilege_gru_0722_long45_clip025_u0020,ppo_privilege_gru_0722_long45_clip025,20,True,5a24e29a6f20a7e060b46adb3c252952ce67b332e50b5276ebcf4ab25c200aeb,22,21,14,8,7,1,0.4827586206896552,1.0,-7.0,9.0,11,10,6,5,4,1,0.4,1.0,-5.0,7.0,7,3,1,1.0,1.0
ppo_privilege_gru_0722_long45_clip025_u0025,ppo_privilege_gru_0722_long45_clip025,25,True,edf601e338cf74c7f6f9178d5e453e24895ce5539398127adcea4a32f486872b,22,14,9,13,5,8,0.3333333333333333,0.09625244140625,-1.0,17.0,11,4,3,8,1,7,0.25,0.0390625,2.0,13.0,4,7,0,1.0,1.0
ppo_privilege_gru_0722_long45_clip025_u0030,ppo_privilege_gru_0722_long45_clip025,30,True,79d34081687db204b223e97e3ce28ee5c5e55d6f6c2ed62defe6c3dd049e5744,22,18,9,13,9,4,0.2903225806451613,0.5234670639038086,-5.0,13.0,11,5,1,10,4,6,0.06666666666666667,0.1795654296875,-1.0,13.0,2,9,0,1.0,1.0
ppo_privilege_gru_0722_long45_clip025_u0035,ppo_privilege_gru_0722_long45_clip025,35,True,fb0218fd7298ae5aaf2e1044277ab3c67ae3352e46fc79e67a09d50dc9cec1d0,22,18,10,12,8,4,0.3333333333333333,0.5034446716308594,-4.0,12.0,11,5,1,10,4,6,0.06666666666666667,0.1795654296875,-1.0,13.0,3,8,0,1.0,1.0
ppo_privilege_gru_0722_long45_clip025_u0040,ppo_privilege_gru_0722_long45_clip025,40,True,b0fe4d8e8e76fb55231ffbfffcf7e7ffca2c4f6c5085894cccb56d4bafb15dac,22,18,11,11,7,4,0.3793103448275862,0.480682373046875,-4.0,12.0,11,7,2,9,5,4,0.125,0.4239501953125,-3.0,12.0,4,7,0,1.0,1.0
ppo_privilege_gru_0722_long45_clip025_u0045,ppo_privilege_gru_0722_long45_clip025,45,True,c7d61acd9e4f685b16c80a1dfc1415f6bb472d8cc58d7d030163b1c5d97905a0,22,16,10,12,6,6,0.35714285714285715,0.237884521484375,-2.0,14.0,11,7,3,8,4,4,0.2,0.3876953125,-3.0,11.0,4,7,0,1.0,1.0
ppo_privilege_gru_0722_long_clip015_u0001,ppo_privilege_gru_0722_long_clip015,1,True,cd834221f0eda2b90e24df961e666c5258df326a8726751972984198a2c2847b,22,16,13,9,3,6,0.52,0.14599609375,0.0,13.0,11,8,5,6,3,3,0.35714285714285715,0.5078125,-3.0,9.0,6,5,0,1.0,1.0
ppo_privilege_gru_0722_long_clip015_u0005,ppo_privilege_gru_0722_long_clip015,5,True,618491a0cf7d2a6a9243a310b957cec6ad546be17eba4eec7d0074bb44ea8c20,22,18,13,9,5,4,0.48148148148148145,0.4239501953125,-4.0,12.0,11,11,6,5,5,0,0.375,1.0,-6.0,6.0,8,3,0,1.0,1.0
ppo_privilege_gru_0722_long_clip015_u0010,ppo_privilege_gru_0722_long_clip015,10,True,aad2df344457398cdb11dd7afd900269227f2dca3c006766ddf4243d5297c0a0,22,18,8,14,10,4,0.25,0.5412561893463135,-6.0,14.0,11,11,4,7,7,0,0.2222222222222222,1.0,-7.0,7.0,4,6,1,1.0,1.0
ppo_privilege_gru_0722_long_clip015_u0015,ppo_privilege_gru_0722_long_clip015,15,True,92b61b0acc338600857d4ce79b94085a05828619252cd89b5c42e83a6253be5f,22,14,10,12,4,8,0.38461538461538464,0.076812744140625,0.0,17.0,11,8,5,6,3,3,0.35714285714285715,0.5078125,-3.0,9.0,5,6,0,1.0,1.0
ppo_privilege_gru_0722_long_clip015_u0020,ppo_privilege_gru_0722_long_clip015,20,True,1258854cc7c3c0d7c1225706919ba36f84c9f24dca8d901e69895fb83762a9b8,22,14,12,10,2,8,0.5,0.03857421875,1.0,16.0,11,7,6,5,1,4,0.5,0.21875,0.0,9.0,8,3,0,1.0,1.0
ppo_privilege_gru_0722_long_clip015_u0025,ppo_privilege_gru_0722_long_clip015,25,True,15112320704fc38faab3289753362df3c57493c733f9e458d6ceb5e8b3afc79a,22,17,10,12,7,5,0.3448275862068966,0.359283447265625,-4.0,15.0,11,10,6,5,4,1,0.4,1.0,-5.0,7.0,6,4,1,1.0,1.0
ppo_privilege_gru_0722_long_clip015_u0030,ppo_privilege_gru_0722_long_clip015,30,True,cdc74cefc136d378450443106717cb52a33bc159386202a9cc518693ffbb5b79,22,20,8,14,12,2,0.23529411764705882,0.8450189828872681,-8.0,12.0,11,15,5,6,10,-4,0.23809523809523808,0.454498291015625,-12.0,4.0,5,5,1,1.0,1.0
ppo_privilege_gru_0722_long_clip020_u0001,ppo_privilege_gru_0722_long_clip020,1,True,85564c4c1816e6805092413e73853061135fc7abe2df43e8bd844a03a738db94,22,21,12,10,9,1,0.3870967741935484,1.0,-8.0,10.0,11,12,6,5,6,-1,0.35294117647058826,1.0,-7.0,5.0,7,2,2,1.0,1.0
ppo_privilege_gru_0722_long_clip020_u0005,ppo_privilege_gru_0722_long_clip020,5,True,df662734f4416f22e45a64e06e59c3f16b02e0ca35d75fa4fd7ea8cb940ebd8a,22,18,14,8,4,4,0.5384615384615384,0.3876953125,-3.0,12.0,11,6,6,5,0,5,0.5454545454545454,0.0625,1.0,10.0,8,3,0,1.0,1.0
ppo_privilege_gru_0722_long_clip020_u0010,ppo_privilege_gru_0722_long_clip020,10,True,cc4575ebd96c865ce5a36b3634c6789577723a38c8dc0d42367a6eb59903ac93,22,16,13,9,3,6,0.52,0.14599609375,-1.0,13.0,11,8,7,4,1,3,0.5833333333333334,0.375,-1.0,7.0,7,4,0,1.0,1.0
ppo_privilege_gru_0722_long_clip020_u0015,ppo_privilege_gru_0722_long_clip020,15,True,d9600621f902e3e6237f1540ce4fcba2436d2c71c2311d836bb95409519c6ca3,22,13,11,11,2,9,0.4583333333333333,0.0224609375,2.0,17.0,11,6,4,7,2,5,0.3076923076923077,0.1796875,-1.0,11.0,5,6,0,1.0,1.0
ppo_privilege_gru_0722_long_clip020_u0020,ppo_privilege_gru_0722_long_clip020,20,True,d996ce19475fad206b18ae96c45caa0113e7d3a1ce954867ff2ec24065091c8c,22,13,9,13,4,9,0.34615384615384615,0.049041748046875,1.0,18.0,11,6,4,7,2,5,0.3076923076923077,0.1796875,-0.024999999999991473,11.0,4,6,1,1.0,1.0
ppo_privilege_gru_0722_long_clip020_u0025,ppo_privilege_gru_0722_long_clip020,25,True,a2ef30b6ec89e36753489b9331942d02a4907044478441cf9c6fdb3462acbebb,22,17,10,12,7,5,0.3448275862068966,0.359283447265625,-4.0,14.0,11,7,4,7,3,4,0.2857142857142857,0.34375,-2.0,11.0,4,7,0,1.0,1.0
ppo_privilege_gru_0722_long_clip020_u0030,ppo_privilege_gru_0722_long_clip020,30,True,e7e902d92bb7cbea6ec0c08b9a4754dd9da6fe50dac98dfc2c5abc90096bcba8,22,11,5,17,6,11,0.17857142857142858,0.03468966484069824,2.0,21.0,11,4,1,10,3,7,0.07142857142857142,0.09228515625,0.0,14.0,2,9,0,1.0,1.0
ppo_privilege_gru_0722_lr1_tkloff_u0001,ppo_privilege_gru_0722_lr1_tkloff,1,True,89951a8cfcf3c053fd85dac3be36b1b3cbe0a9864b27162e653012daa524016d,22,18,14,8,4,4,0.5384615384615384,0.3876953125,-3.0,11.0,11,8,6,5,2,3,0.46153846153846156,0.453125,-2.0,8.0,7,4,0,1.0,1.0
ppo_privilege_gru_0722_lr1_tkloff_u0005,ppo_privilege_gru_0722_lr1_tkloff,5,True,70ae90e7f7293930476fd472573174fa87720411942f5b0a97a22819483ffd7a,22,15,12,10,3,7,0.48,0.09228515625,0.0,15.0,11,5,4,7,1,6,0.3333333333333333,0.0703125,1.0,12.0,5,6,0,1.0,1.0
ppo_privilege_gru_0722_lr1_tkloff_u0010,ppo_privilege_gru_0722_lr1_tkloff,10,True,d63646165f0f6bba174e5b7fd457ba658ad1699a49709e3d98f88aaef911610a,22,15,11,11,4,7,0.4230769230769231,0.11846923828124999,-1.0,15.0,11,6,5,6,1,5,0.4166666666666667,0.125,0.0,10.0,6,5,0,1.0,1.0
ppo_privilege_gru_0722_lr1_tkloff_u0015,ppo_privilege_gru_0722_lr1_tkloff,15,True,50a3d1a2ad7a44abd1e6ebfec2977411a482c65097f29ee6197a7f4150c94b24,22,19,11,11,8,3,0.36666666666666664,0.6476058959960938,-6.0,12.0,11,6,3,8,3,5,0.21428571428571427,0.2265625,-1.0,12.0,4,7,0,1.0,1.0
ppo_privilege_gru_0722_lr1_tkloff_u0020,ppo_privilege_gru_0722_lr1_tkloff,20,True,90e91c0cefa2fa932240e8f007a82c2ddbf5a2ae547bebdc6bcc7a7bbac62620,22,21,12,10,9,1,0.3870967741935484,1.0,-8.0,10.0,11,7,3,8,4,4,0.2,0.3876953125,-2.0,11.0,3,8,0,1.0,1.0
ppo_privilege_gru_0722_lr5_tkloff_u0001,ppo_privilege_gru_0722_lr5_tkloff,1,True,859715fc9068e5f2436080e23d42c7dccdb5401485c36203e685b1b6d7519b87,22,19,14,8,5,3,0.5185185185185185,0.5810546875,-4.0,11.0,11,10,5,6,5,1,0.3125,1.0,-6.0,8.0,5,6,0,1.0,1.0
ppo_privilege_gru_0722_lr5_tkloff_u0005,ppo_privilege_gru_0722_lr5_tkloff,5,True,74438775a7513dd1ceaf25d69c4e260452f0491bc1a96c88602609ea598b199d,22,21,14,8,7,1,0.4827586206896552,1.0,-7.0,9.0,11,13,7,4,6,-2,0.4117647058823529,0.75390625,-8.0,4.0,8,3,0,1.0,1.0
ppo_privilege_gru_0722_lr5_tkloff_u0010,ppo_privilege_gru_0722_lr5_tkloff,10,True,99056879a1715d8080ff6feda40f38e9df304c6d23a6bdec551a304256d1b813,22,21,10,12,11,1,0.30303030303030304,1.0,-9.0,11.0,11,9,3,8,6,2,0.17647058823529413,0.79052734375,-5.0,9.0,6,4,1,1.0,1.0
ppo_privilege_gru_0722_lr5_tkloff_u0015,ppo_privilege_gru_0722_lr5_tkloff,15,True,e97d79139c04cbc99045ac0dfd5ee960bfe3f9aaf019267adf7843853a920ef1,22,26,6,16,20,-4,0.14285714285714285,0.617719317029696,-16.0,8.0,11,16,2,9,14,-5,0.08,0.4048728942871094,-14.0,4.0,3,7,1,1.0,1.0
ppo_privilege_gru_0722_lr5_tkloff_u0020,ppo_privilege_gru_0722_lr5_tkloff,20,False,fc1e3393d79eefc15a1c1c9e2ce2216d9ec961e1c7735257a6e5be584864a2d5,22,26,8,14,18,-4,0.2,0.5966148958541453,nan,nan,11,12,1,10,11,-1,0.045454545454545456,1.0,nan,nan,3,5,3,nan,nan
ppo_privilege_mlp_0721_base_u0001,ppo_privilege_mlp_0721_base,1,True,ec217cbb6b1a669061fd71f9312e9bf74ff9665a8d6bc10693e06bd17858bbf4,22,24,14,8,10,-2,0.4375,0.8145294189453125,-10.0,6.024999999999636,11,9,5,6,4,2,0.3333333333333333,0.75390625,-4.0,8.0,6,5,0,1.0,1.0
ppo_privilege_mlp_0721_base_u0005,ppo_privilege_mlp_0721_base,5,True,28174c658c5348eca1e978beed6faf4d189a45c1d7a7b9ca09d529588342bdb6,22,25,12,10,13,-3,0.34285714285714286,0.6776394844055176,-14.0,7.0,11,9,3,8,6,2,0.17647058823529413,0.79052734375,-5.0,10.0,5,6,0,1.0,1.0
ppo_privilege_mlp_0721_base_u0010,ppo_privilege_mlp_0721_base,10,True,d4d21602e3501d2e8e13b322a8c531297be829838b24fe881ab441111b6a070a,22,25,12,10,13,-3,0.34285714285714286,0.6776394844055176,-13.0,7.0,11,10,2,9,8,1,0.10526315789473684,1.0,-7.0,9.0,4,7,0,1.0,1.0
ppo_privilege_mlp_0721_base_u0015,ppo_privilege_mlp_0721_base,15,True,604f7bd1a7e613d9f7e0324723e966658b0efc88fa33e8fc0920f3a18912ab01,22,21,15,7,6,1,0.5357142857142857,1.0,-6.0,9.0,11,8,5,6,3,3,0.35714285714285715,0.5078125,-3.0,9.0,7,4,0,1.0,1.0
ppo_privilege_mlp_0721_base_u0020,ppo_privilege_mlp_0721_base,20,True,99e9d4a6ba2929cf9833e4bb5983da5ec0dff8c51b20a0acf9d16f4fe465fa29,22,25,14,8,11,-3,0.42424242424242425,0.6476058959960938,-12.0,5.0,11,9,4,7,5,2,0.25,0.7744140625,-5.0,9.0,4,7,0,1.0,1.0
