check,result,interpretation
原始 eval JSON 对账,93/93 panels pass,episode、scenario、collision/overtake/follow 逐项重算一致
有效性边界,92 valid; 1 invalid,lr5 U20 仅 599 rows，排除排序与推断
episode 粒度,"55,799 unique panel-scenario rows",无重复键
NPZ 数值/数组对齐,"55,799/55,799",所有数值有限且 leading dimensions 对齐
post-step-v2,"34,799/34,799 terminal valid",碰撞 marker 与 JSON 完全一致
legacy traces,"21,000; 736 expected marker gaps",旧格式漏 terminal post-step；JSON 控制碰撞真值
Actor policy 去重,91 valid PPO panels → 86 unique policies,5 对 byte-identical actor 的 eval 结果也完全一致
训练 metrics/checkpoints,415 formal rows; 16/16 runs complete,updates 连续、数值有限、actor/critic checkpoints 完整
历史 provenance,seed / source commit not recorded,不能从当前工作树回填历史 run 的 seed 或 commit
