classification	bytes	path
current_handoff	72977	CURRENT_HANDOFF.md
current_project_documentation	19602	docs/EXPERIMENT_RECORD.md
current_project_documentation	3376	docs/REPO_GUIDE.md
historical_handoff	16276	docs/archive/handoffs/HANDOFF.md
historical_handoff	19820	docs/archive/handoffs/REMOTE_CONTINUATION_20260710.md
historical_handoff	10506	docs/archive/handoffs/d1b_local_failure_handoff_20260705.md
historical_handoff	52091	docs/archive/handoffs/ppo_audit_handoff_20260710.md
historical_handoff	14838	docs/archive/handoffs/ppo_handoff_20260705.md
current_project_documentation	3289	docs/ppo/ANALYSIS_AND_REPORT_INDEX.md
current_project_documentation	2471	docs/ppo/ARTIFACT_RETENTION.md
current_project_documentation	2179	docs/ppo/AUTHORITY_INDEX.md
current_project_documentation	6887	docs/ppo/EXPERIMENT_HISTORY.md
current_project_documentation	3154	docs/ppo/NEXT_PPO_DIRECTION.md
current_project_documentation	3373	docs/ppo/README.md
current_project_documentation	2813	docs/ppo/TIER3_ORGANIZATION_RECORD.md
frozen_implementation_plan	19144	docs/superpowers/plans/2026-07-10-d01-implementation-plan.md
frozen_implementation_plan	14558	docs/superpowers/plans/2026-07-11-bplus-v2.2-d3r2-implementation-plan.md
frozen_implementation_plan	5021	docs/superpowers/plans/2026-07-11-d2-implementation-plan.md
frozen_implementation_plan	1905	docs/superpowers/plans/2026-07-11-d25-implementation-plan.md
frozen_implementation_plan	2225	docs/superpowers/plans/2026-07-11-d2r-implementation-plan.md
frozen_specification	24512	docs/superpowers/specs/2026-07-10-d01-p01-canonical-audit-plan.md
frozen_specification	34491	docs/superpowers/specs/2026-07-10-ppo-safety-first-bplus-design.md
frozen_specification	10755	docs/superpowers/specs/2026-07-11-d2-episode-heldout-probe.md
frozen_specification	5604	docs/superpowers/specs/2026-07-11-d25-counterfactual-recoverability.md
frozen_specification	6773	docs/superpowers/specs/2026-07-11-d2r-spatiotemporal-geometry.md
frozen_specification	34450	docs/superpowers/specs/2026-07-11-ppo-safety-first-bplus-v2.2.md
index_or_other	1530	logs/README.md
index_or_other	10304	logs/archive/PATH_MIGRATION.tsv
index_or_other	712	logs/archive/README.md
archived_legacy_document	5460	logs/archive/legacy_reports/all_results_summary_remote.md
archived_legacy_document	3266	logs/archive/legacy_reports/anchor_baseline_summary_20260705_113917.md
archived_legacy_document	7227	logs/archive/legacy_reports/branch_b_canonlike_final_report_20260709.md
archived_legacy_document	4991	logs/archive/legacy_reports/branch_b_canonlike_summary_20260708_164416.md
archived_legacy_document	2483	logs/archive/legacy_reports/d1b_local_failure_revised_20260705.md
archived_legacy_document	3225	logs/archive/legacy_reports/d1b_summary_20260705_092447.md
archived_legacy_document	6263	logs/archive/legacy_reports/d2_design_20260705.md
archived_legacy_document	4034	logs/archive/legacy_reports/d2_summary_20260705_164511.md
archived_legacy_document	3678	logs/archive/legacy_reports/d2b_summary_20260705_183533.md
archived_legacy_document	3306	logs/archive/legacy_reports/d2c_5seed_summary_20260706.md
archived_legacy_document	3694	logs/archive/legacy_reports/d2c_seed_compare_20260706_005425.md
archived_legacy_document	6600	logs/archive/legacy_reports/d2c_summary_20260705_201727.md
archived_legacy_document	5908	logs/archive/legacy_reports/d3_design_20260706.md
archived_legacy_document	3743	logs/archive/legacy_reports/d3_summary_20260706.md
archived_legacy_document	4333	logs/archive/legacy_reports/d4a_launch_summary_20260706_233314.md
archived_legacy_document	3976	logs/archive/legacy_reports/d4a_paired_summary_20260707.md
archived_legacy_document	2011	logs/archive/legacy_reports/d4b_margin004_launch_20260707.md
archived_legacy_document	3328	logs/archive/legacy_reports/d4b_margin004_summary_20260707.md
archived_legacy_document	18493	logs/archive/legacy_reports/d4c_external_review_package_20260708.md
archived_legacy_document	7201	logs/archive/legacy_reports/d4c_final_summary_20260708.md
archived_legacy_document	5765	logs/archive/legacy_reports/d4c_holdout_paired_audit_20260708.md
archived_legacy_document	3890	logs/archive/legacy_reports/d4c_launch_summary_20260707_220843.md
archived_legacy_document	6329	logs/archive/legacy_reports/d4c_next_round_plan_for_cc_20260708.md
archived_legacy_document	3781	logs/archive/legacy_reports/d4c_remote_migration_20260708.md
archived_legacy_document	9654	logs/archive/legacy_reports/full_sweep_progress_report_20260710.md
archived_legacy_document	20951	logs/archive/legacy_reports/ppo_external_review_prompt_20260706.md
archived_legacy_document	12697	logs/archive/legacy_reports/ppo_external_review_synthesis_20260707.md
archived_legacy_document	10564	logs/archive/legacy_reports/ppo_external_review_update_20260707.md
archived_legacy_document	7721	logs/archive/legacy_reports/ppo_pipeline_audit_20260704_182907.md
archived_legacy_document	16168	logs/archive/legacy_reports/ppo_post_external_review_report_20260707.md
archived_legacy_document	250	logs/archive/legacy_runs/aborted_runs/20260707_204639/local/d4a_seed0_local_20260707_204639/status.tsv
archived_legacy_document	5937	logs/archive/legacy_runs/anchor_baseline_local_seed0_20260705_113917/report.md
archived_legacy_document	1080	logs/archive/legacy_runs/anchor_baseline_local_seed0_20260705_113917/status.tsv
archived_legacy_document	4810	logs/archive/legacy_runs/anchor_baseline_remote_seed1_20260705_113917/report.md
archived_legacy_document	1080	logs/archive/legacy_runs/anchor_baseline_remote_seed1_20260705_113917/status.tsv
archived_legacy_document	1666	logs/archive/legacy_runs/branch_b_remote_sync_20260708_164416/candidates.tsv
archived_legacy_document	2290	logs/archive/legacy_runs/branch_b_remote_sync_20260708_164416/paired_seed0_iter0080_canonical.md
archived_legacy_document	3712	logs/archive/legacy_runs/branch_b_remote_sync_20260708_164416/paired_seed0_iter0080_off21.md
archived_legacy_document	2843	logs/archive/legacy_runs/branch_b_remote_sync_20260708_164416/paired_seed0_iter0080_off42.md
archived_legacy_document	2667	logs/archive/legacy_runs/branch_b_remote_sync_20260708_164416/paired_seed0_iter0080_off63.md
archived_legacy_document	2495	logs/archive/legacy_runs/branch_b_remote_sync_20260708_164416/paired_seed0_iter0080_off84.md
archived_legacy_document	4345	logs/archive/legacy_runs/d1a_seed1_confirmation_20260705_0846/report.md
archived_legacy_document	724	logs/archive/legacy_runs/d1a_seed1_confirmation_20260705_0846/status.tsv
archived_legacy_document	395	logs/archive/legacy_runs/d1b_seed0_20260705_092447/report.md
archived_legacy_document	359	logs/archive/legacy_runs/d1b_seed0_20260705_092447/status.tsv
archived_legacy_document	4095	logs/archive/legacy_runs/d1b_seed1_20260705_092447/report.md
archived_legacy_document	1086	logs/archive/legacy_runs/d1b_seed1_20260705_092447/status.tsv
archived_legacy_document	260	logs/archive/legacy_runs/d1b_seed2_20260705_092447/report.md
archived_legacy_document	309	logs/archive/legacy_runs/d1b_seed2_20260705_092447/status.tsv
archived_legacy_document	5375	logs/archive/legacy_runs/d1b_seed2r_20260705_092447/report.md
archived_legacy_document	1088	logs/archive/legacy_runs/d1b_seed2r_20260705_092447/status.tsv
archived_legacy_document	12817	logs/archive/legacy_runs/d2_b_seed0_local_20260705_183533/report.md
archived_legacy_document	1186	logs/archive/legacy_runs/d2_b_seed0_local_20260705_183533/status.tsv
archived_legacy_document	5374	logs/archive/legacy_runs/d2_c_seed0_local_20260705_201727/report.md
archived_legacy_document	1186	logs/archive/legacy_runs/d2_c_seed0_local_20260705_201727/status.tsv
archived_legacy_document	5329	logs/archive/legacy_runs/d2_c_seed2_local_20260706_005227/report.md
archived_legacy_document	1186	logs/archive/legacy_runs/d2_c_seed2_local_20260706_005227/status.tsv
archived_legacy_document	5482	logs/archive/legacy_runs/d2_cpot2_seed0_local_20260706_095335/report.md
archived_legacy_document	1194	logs/archive/legacy_runs/d2_cpot2_seed0_local_20260706_095335/status.tsv
archived_legacy_document	550	logs/archive/legacy_runs/d2_cpot_seed0_local_20260706_082506/KILLED_NOTE.md
archived_legacy_document	254	logs/archive/legacy_runs/d2_cpot_seed0_local_20260706_082506/status.tsv
archived_legacy_document	7736	logs/archive/legacy_runs/d2_cpot_seed0b_local_20260706_143443/report.md
archived_legacy_document	1194	logs/archive/legacy_runs/d2_cpot_seed0b_local_20260706_143443/status.tsv
archived_legacy_document	5801	logs/archive/legacy_runs/d2_remote_reports_20260705_201727/seed1_report.md
archived_legacy_document	5312	logs/archive/legacy_runs/d2_remote_reports_20260705_201727/seed42_report.md
archived_legacy_document	5219	logs/archive/legacy_runs/d2_remote_reports_20260706_005227/seed3_report.md
archived_legacy_document	6003	logs/archive/legacy_runs/d2_seed0_local_20260705_164511/report.md
archived_legacy_document	1182	logs/archive/legacy_runs/d2_seed0_local_20260705_164511/status.tsv
archived_legacy_document	814	logs/archive/legacy_runs/d2c_seed0_extra_offsets_20260706/report.md
archived_legacy_document	962	logs/archive/legacy_runs/d2c_seed0_extra_offsets_20260706/status.tsv
archived_legacy_document	1066	logs/archive/legacy_runs/d4a_paired_analysis_20260707/d4b_seed1_iter.md
archived_legacy_document	1824	logs/archive/legacy_runs/d4a_paired_analysis_20260707/seed0_iter80.md
archived_legacy_document	1971	logs/archive/legacy_runs/d4a_paired_analysis_20260707/seed2_iter120.md
archived_legacy_document	1814	logs/archive/legacy_runs/d4a_paired_analysis_20260707/seed2_iter80.md
archived_legacy_document	542	logs/archive/legacy_runs/d4a_probe_20260706_233314/report.md
archived_legacy_document	313	logs/archive/legacy_runs/d4a_remote_reports_20260706_233314/seed1_status.tsv
archived_legacy_document	313	logs/archive/legacy_runs/d4a_remote_reports_20260706_233314/seed2_status.tsv
archived_legacy_document	313	logs/archive/legacy_runs/d4a_remote_reports_20260706_233314/seed3_status.tsv
archived_legacy_document	1080	logs/archive/legacy_runs/d4a_remote_reports_20260706_233314/snapshot_report_remote_seed1_2_3.md
archived_legacy_document	311	logs/archive/legacy_runs/d4a_seed0_local_20260706_233314/status.tsv
archived_legacy_document	2903	logs/archive/legacy_runs/d4a_seed0_local_20260707_125155/report.md
archived_legacy_document	730	logs/archive/legacy_runs/d4a_seed0_local_20260707_125155/status.tsv
archived_legacy_document	883	logs/archive/legacy_runs/d4a_snapshot_eval_20260706_233314_seed0_local/report.md
archived_legacy_document	790	logs/archive/legacy_runs/d4a_snapshot_eval_20260706_233314_seed0_local/status.tsv
archived_legacy_document	277	logs/archive/legacy_runs/d4c_canon_seed0_local_20260707_220843/PAUSED_BY_USER.md
archived_legacy_document	338	logs/archive/legacy_runs/d4c_canon_seed0_local_20260707_220843/status.tsv
archived_legacy_document	7130	logs/archive/legacy_runs/d4c_wide_seed0_local_20260707_220843/report.md
archived_legacy_document	882	logs/archive/legacy_runs/d4c_wide_seed0_local_20260707_220843/status.tsv
archived_legacy_document	2328	logs/archive/legacy_runs/p1_validation_unattended/README.md
archived_legacy_document	3042	logs/archive/legacy_runs/ppo_d1a_20260704_213800/analysis_report.md
archived_legacy_document	948	logs/archive/legacy_runs/ppo_d1a_20260704_213800/status.tsv
archived_legacy_document	896	logs/archive/legacy_runs/ppo_ol1alpha_20260704_195702/README.md
archived_legacy_document	3690	logs/archive/legacy_runs/ppo_ol1alpha_20260704_195702/analysis_report.md
archived_legacy_document	927	logs/archive/legacy_runs/ppo_ol1alpha_20260704_195702/decision_criteria.md
archived_legacy_document	623	logs/archive/legacy_runs/ppo_ol1alpha_20260704_195702/early_stop_reason.md
archived_legacy_document	624	logs/archive/legacy_runs/ppo_ol1alpha_20260704_195702/status.tsv
archived_legacy_document	634	logs/archive/legacy_runs/ppo_ol1anchor75_20260704_162033/README.md
archived_legacy_document	3216	logs/archive/legacy_runs/ppo_ol1anchor75_20260704_162033/analysis_report.md
archived_legacy_document	1412	logs/archive/legacy_runs/ppo_ol1anchor75_20260704_162033/decision_criteria.md
archived_legacy_document	678	logs/archive/legacy_runs/ppo_ol1anchor75_20260704_162033/status.tsv
archived_legacy_document	604	logs/archive/legacy_runs/ppo_ol1credit_20260704_104608/README.md
archived_legacy_document	678	logs/archive/legacy_runs/ppo_ol1credit_20260704_104608/status.tsv
archived_legacy_document	856	logs/archive/legacy_runs/ppo_ol1credit_resume600_20260704_130847/README.md
archived_legacy_document	1905	logs/archive/legacy_runs/ppo_ol1credit_resume600_20260704_130847/analysis_report.md
archived_legacy_document	1426	logs/archive/legacy_runs/ppo_ol1credit_resume600_20260704_130847/decision_criteria.md
archived_legacy_document	692	logs/archive/legacy_runs/ppo_ol1credit_resume600_20260704_130847/status.tsv
archived_legacy_document	548	logs/archive/legacy_runs/ppo_ol1gate_20260704_090713/README.md
archived_legacy_document	678	logs/archive/legacy_runs/ppo_ol1gate_20260704_090713/status.tsv
archived_legacy_document	689	logs/archive/legacy_runs/ppo_ol1prebc10_20260704_144139/README.md
archived_legacy_document	1964	logs/archive/legacy_runs/ppo_ol1prebc10_20260704_144139/analysis_report.md
archived_legacy_document	1475	logs/archive/legacy_runs/ppo_ol1prebc10_20260704_144139/decision_criteria.md
archived_legacy_document	678	logs/archive/legacy_runs/ppo_ol1prebc10_20260704_144139/status.tsv
archived_legacy_document	464	logs/archive/legacy_runs/ppo_privcritic_20260703_235252/README.md
archived_legacy_document	63	logs/archive/legacy_runs/ppo_privcritic_20260703_235252/status.tsv
archived_legacy_document	492	logs/archive/legacy_runs/ppo_privcritic_20260703_235433/README.md
archived_legacy_document	892	logs/archive/legacy_runs/ppo_privcritic_20260703_235433/status.tsv
archived_legacy_document	563	logs/archive/legacy_runs/probe_smoke_d4a/report.md
archived_review	19525	logs/archive/reviews/CLAUDE_AUDITOR_BRIEF_20260710.md
archived_review	5233	logs/archive/reviews/CLAUDE_AUDIT_WARMSTART_GATE_20260712.md
archived_superseded_document	32813	logs/archive/superseded_artifacts/bplus_v22/task8_manifests_20260712_103419/d25_witness_training.tsv
archived_superseded_document	156141	logs/archive/superseded_artifacts/bplus_v22/task8_manifests_20260712_103419/development_scenarios.tsv
archived_superseded_document	3067	logs/archive/superseded_artifacts/bplus_v22/task8_manifests_20260712_103419/evaluation_jobs.tsv
archived_superseded_document	102	logs/archive/superseded_artifacts/bplus_v22/task8_manifests_20260712_103419/l4_disjoint_recoverability.tsv
archived_superseded_document	3384	logs/archive/superseded_artifacts/bplus_v22/task8_manifests_20260712_103419/no_learning_smoke.tsv
archived_superseded_document	804966	logs/archive/superseded_artifacts/bplus_v22/task8_manifests_20260712_103419/training_scenarios.tsv
archived_superseded_document	398343	logs/archive/superseded_artifacts/bplus_v22/warmstart_manifest_20260712_091304/episodes.tsv
archived_superseded_document	10619807	logs/archive/superseded_artifacts/bplus_v22/warmstart_manifest_20260712_091304/macro_examples.tsv
archived_superseded_document	6603130	logs/archive/superseded_artifacts/bplus_v22/warmstart_manifest_20260712_091304/registry_after.expected.tsv
archived_superseded_document	6241142	logs/archive/superseded_artifacts/bplus_v22/warmstart_manifest_20260712_091304/registry_before.snapshot.tsv
archived_superseded_document	362158	logs/archive/superseded_artifacts/bplus_v22/warmstart_manifest_20260712_091304/registry_rows.tsv
archived_superseded_document	96	logs/archive/superseded_artifacts/d01/d01_full_20260710_235320/alignment_failures.tsv
archived_superseded_document	63893	logs/archive/superseded_artifacts/d01/d01_full_20260710_235320/blocks.tsv
archived_superseded_document	8051646	logs/archive/superseded_artifacts/d01/d01_full_20260710_235320/canonical_episodes.tsv
archived_superseded_document	150904	logs/archive/superseded_artifacts/d01/d01_full_20260710_235320/collision_events.tsv
archived_superseded_document	696	logs/archive/superseded_artifacts/d01/d01_full_20260710_235320/d0_summary.md
archived_superseded_document	5760	logs/archive/superseded_artifacts/d01/d01_full_20260710_235320/dev_overlap_cell_diag.tsv
archived_superseded_document	8541	logs/archive/superseded_artifacts/d01/d01_full_20260710_235320/dev_overlap_exact.tsv
archived_superseded_document	16083552	logs/archive/superseded_artifacts/d01/d01_full_20260710_235320/episode_occurrences.tsv
archived_superseded_document	10504	logs/archive/superseded_artifacts/d01/d01_full_20260710_235320/input_provenance.tsv
archived_superseded_document	1537018	logs/archive/superseded_artifacts/d01/d01_full_20260710_235320/opened_registry.snapshot.tsv
archived_superseded_document	206	logs/archive/superseded_artifacts/d01/d01_full_20260710_235320/outcome_corrections.tsv
archived_superseded_document	3511	logs/archive/superseded_artifacts/d01/d01_full_20260710_235320/sensitivityA_pairs.tsv
archived_superseded_document	64568	logs/archive/superseded_artifacts/d01/d01_full_20260710_235320/sensitivityB_excluded.tsv
archived_superseded_document	3182567	logs/archive/superseded_artifacts/d01/d01_full_20260710_235320/trajectory_metrics.tsv
archived_superseded_document	2624	logs/archive/superseded_artifacts/d01/d01_full_20260710_235320/transition_matrix_primary.md
archived_superseded_document	77926	logs/archive/superseded_artifacts/d01/d01_full_20260710_235320/transition_matrix_primary.tsv
archived_superseded_document	2520	logs/archive/superseded_artifacts/d01/d01_full_20260710_235320/transition_matrix_sensA.md
archived_superseded_document	74662	logs/archive/superseded_artifacts/d01/d01_full_20260710_235320/transition_matrix_sensA.tsv
archived_superseded_document	2502	logs/archive/superseded_artifacts/d01/d01_full_20260710_235320/transition_matrix_sensB.md
archived_superseded_document	74360	logs/archive/superseded_artifacts/d01/d01_full_20260710_235320/transition_matrix_sensB.tsv
archived_superseded_document	96	logs/archive/superseded_artifacts/d01/d01_full_reconcile_20260711_170200_b/alignment_failures.tsv
archived_superseded_document	63893	logs/archive/superseded_artifacts/d01/d01_full_reconcile_20260711_170200_b/blocks.tsv
archived_superseded_document	8051646	logs/archive/superseded_artifacts/d01/d01_full_reconcile_20260711_170200_b/canonical_episodes.tsv
archived_superseded_document	150904	logs/archive/superseded_artifacts/d01/d01_full_reconcile_20260711_170200_b/collision_events.tsv
archived_superseded_document	33654	logs/archive/superseded_artifacts/d01/d01_full_reconcile_20260711_170200_b/d0_summary.md
archived_superseded_document	5760	logs/archive/superseded_artifacts/d01/d01_full_reconcile_20260711_170200_b/dev_overlap_cell_diag.tsv
archived_superseded_document	8541	logs/archive/superseded_artifacts/d01/d01_full_reconcile_20260711_170200_b/dev_overlap_exact.tsv
archived_superseded_document	16083552	logs/archive/superseded_artifacts/d01/d01_full_reconcile_20260711_170200_b/episode_occurrences.tsv
archived_superseded_document	10504	logs/archive/superseded_artifacts/d01/d01_full_reconcile_20260711_170200_b/input_provenance.tsv
archived_superseded_document	3073866	logs/archive/superseded_artifacts/d01/d01_full_reconcile_20260711_170200_b/opened_registry.snapshot.tsv
archived_superseded_document	206	logs/archive/superseded_artifacts/d01/d01_full_reconcile_20260711_170200_b/outcome_corrections.tsv
archived_superseded_document	3511	logs/archive/superseded_artifacts/d01/d01_full_reconcile_20260711_170200_b/sensitivityA_pairs.tsv
archived_superseded_document	64568	logs/archive/superseded_artifacts/d01/d01_full_reconcile_20260711_170200_b/sensitivityB_excluded.tsv
archived_superseded_document	3182567	logs/archive/superseded_artifacts/d01/d01_full_reconcile_20260711_170200_b/trajectory_metrics.tsv
archived_superseded_document	2624	logs/archive/superseded_artifacts/d01/d01_full_reconcile_20260711_170200_b/transition_matrix_primary.md
archived_superseded_document	77926	logs/archive/superseded_artifacts/d01/d01_full_reconcile_20260711_170200_b/transition_matrix_primary.tsv
archived_superseded_document	2520	logs/archive/superseded_artifacts/d01/d01_full_reconcile_20260711_170200_b/transition_matrix_sensA.md
archived_superseded_document	74662	logs/archive/superseded_artifacts/d01/d01_full_reconcile_20260711_170200_b/transition_matrix_sensA.tsv
archived_superseded_document	2502	logs/archive/superseded_artifacts/d01/d01_full_reconcile_20260711_170200_b/transition_matrix_sensB.md
archived_superseded_document	74360	logs/archive/superseded_artifacts/d01/d01_full_reconcile_20260711_170200_b/transition_matrix_sensB.tsv
archived_superseded_document	63893	logs/archive/superseded_artifacts/d01/d01_geometry_20260710_235124/blocks.tsv
archived_superseded_document	5760	logs/archive/superseded_artifacts/d01/d01_geometry_20260710_235124/dev_overlap_cell_diag.tsv
archived_superseded_document	8541	logs/archive/superseded_artifacts/d01/d01_geometry_20260710_235124/dev_overlap_exact.tsv
archived_superseded_document	3511	logs/archive/superseded_artifacts/d01/d01_geometry_20260710_235124/sensitivityA_pairs.tsv
archived_superseded_document	64568	logs/archive/superseded_artifacts/d01/d01_geometry_20260710_235124/sensitivityB_excluded.tsv
archived_superseded_document	63893	logs/archive/superseded_artifacts/d01/d01_geometry_rerun_20260710_235146/blocks.tsv
archived_superseded_document	5760	logs/archive/superseded_artifacts/d01/d01_geometry_rerun_20260710_235146/dev_overlap_cell_diag.tsv
archived_superseded_document	8541	logs/archive/superseded_artifacts/d01/d01_geometry_rerun_20260710_235146/dev_overlap_exact.tsv
archived_superseded_document	3511	logs/archive/superseded_artifacts/d01/d01_geometry_rerun_20260710_235146/sensitivityA_pairs.tsv
archived_superseded_document	64568	logs/archive/superseded_artifacts/d01/d01_geometry_rerun_20260710_235146/sensitivityB_excluded.tsv
archived_superseded_document	96	logs/archive/superseded_artifacts/d01/d01_smoke_20260710_235214/alignment_failures.tsv
archived_superseded_document	63893	logs/archive/superseded_artifacts/d01/d01_smoke_20260710_235214/blocks.tsv
archived_superseded_document	751560	logs/archive/superseded_artifacts/d01/d01_smoke_20260710_235214/canonical_episodes.tsv
archived_superseded_document	12259	logs/archive/superseded_artifacts/d01/d01_smoke_20260710_235214/collision_events.tsv
archived_superseded_document	693	logs/archive/superseded_artifacts/d01/d01_smoke_20260710_235214/d0_summary.md
archived_superseded_document	5760	logs/archive/superseded_artifacts/d01/d01_smoke_20260710_235214/dev_overlap_cell_diag.tsv
archived_superseded_document	8541	logs/archive/superseded_artifacts/d01/d01_smoke_20260710_235214/dev_overlap_exact.tsv
archived_superseded_document	1126226	logs/archive/superseded_artifacts/d01/d01_smoke_20260710_235214/episode_occurrences.tsv
archived_superseded_document	832	logs/archive/superseded_artifacts/d01/d01_smoke_20260710_235214/input_provenance.tsv
archived_superseded_document	170	logs/archive/superseded_artifacts/d01/d01_smoke_20260710_235214/opened_registry.snapshot.tsv
archived_superseded_document	206	logs/archive/superseded_artifacts/d01/d01_smoke_20260710_235214/outcome_corrections.tsv
archived_superseded_document	3511	logs/archive/superseded_artifacts/d01/d01_smoke_20260710_235214/sensitivityA_pairs.tsv
archived_superseded_document	64568	logs/archive/superseded_artifacts/d01/d01_smoke_20260710_235214/sensitivityB_excluded.tsv
archived_superseded_document	309628	logs/archive/superseded_artifacts/d01/d01_smoke_20260710_235214/trajectory_metrics.tsv
archived_superseded_document	725	logs/archive/superseded_artifacts/d01/d01_smoke_20260710_235214/transition_matrix_primary.md
archived_superseded_document	20911	logs/archive/superseded_artifacts/d01/d01_smoke_20260710_235214/transition_matrix_primary.tsv
archived_superseded_document	695	logs/archive/superseded_artifacts/d01/d01_smoke_20260710_235214/transition_matrix_sensA.md
archived_superseded_document	20015	logs/archive/superseded_artifacts/d01/d01_smoke_20260710_235214/transition_matrix_sensA.tsv
archived_superseded_document	695	logs/archive/superseded_artifacts/d01/d01_smoke_20260710_235214/transition_matrix_sensB.md
archived_superseded_document	20012	logs/archive/superseded_artifacts/d01/d01_smoke_20260710_235214/transition_matrix_sensB.tsv
archived_superseded_document	96	logs/archive/superseded_artifacts/d01/d01_smoke_rerun_20260710_235242/alignment_failures.tsv
archived_superseded_document	63893	logs/archive/superseded_artifacts/d01/d01_smoke_rerun_20260710_235242/blocks.tsv
archived_superseded_document	751560	logs/archive/superseded_artifacts/d01/d01_smoke_rerun_20260710_235242/canonical_episodes.tsv
archived_superseded_document	12259	logs/archive/superseded_artifacts/d01/d01_smoke_rerun_20260710_235242/collision_events.tsv
archived_superseded_document	693	logs/archive/superseded_artifacts/d01/d01_smoke_rerun_20260710_235242/d0_summary.md
archived_superseded_document	5760	logs/archive/superseded_artifacts/d01/d01_smoke_rerun_20260710_235242/dev_overlap_cell_diag.tsv
archived_superseded_document	8541	logs/archive/superseded_artifacts/d01/d01_smoke_rerun_20260710_235242/dev_overlap_exact.tsv
archived_superseded_document	1126226	logs/archive/superseded_artifacts/d01/d01_smoke_rerun_20260710_235242/episode_occurrences.tsv
archived_superseded_document	832	logs/archive/superseded_artifacts/d01/d01_smoke_rerun_20260710_235242/input_provenance.tsv
archived_superseded_document	170	logs/archive/superseded_artifacts/d01/d01_smoke_rerun_20260710_235242/opened_registry.snapshot.tsv
archived_superseded_document	206	logs/archive/superseded_artifacts/d01/d01_smoke_rerun_20260710_235242/outcome_corrections.tsv
archived_superseded_document	3511	logs/archive/superseded_artifacts/d01/d01_smoke_rerun_20260710_235242/sensitivityA_pairs.tsv
archived_superseded_document	64568	logs/archive/superseded_artifacts/d01/d01_smoke_rerun_20260710_235242/sensitivityB_excluded.tsv
archived_superseded_document	309628	logs/archive/superseded_artifacts/d01/d01_smoke_rerun_20260710_235242/trajectory_metrics.tsv
archived_superseded_document	725	logs/archive/superseded_artifacts/d01/d01_smoke_rerun_20260710_235242/transition_matrix_primary.md
archived_superseded_document	20911	logs/archive/superseded_artifacts/d01/d01_smoke_rerun_20260710_235242/transition_matrix_primary.tsv
archived_superseded_document	695	logs/archive/superseded_artifacts/d01/d01_smoke_rerun_20260710_235242/transition_matrix_sensA.md
archived_superseded_document	20015	logs/archive/superseded_artifacts/d01/d01_smoke_rerun_20260710_235242/transition_matrix_sensA.tsv
archived_superseded_document	695	logs/archive/superseded_artifacts/d01/d01_smoke_rerun_20260710_235242/transition_matrix_sensB.md
archived_superseded_document	20012	logs/archive/superseded_artifacts/d01/d01_smoke_rerun_20260710_235242/transition_matrix_sensB.tsv
canonical_report_or_ledger	18043	logs/bplus_v22_d3r2_20260711/DECISIONS.md
canonical_report_or_ledger	19986	logs/bplus_v22_d3r2_20260711/EXPERIMENTS.md
canonical_report_or_ledger	12426	logs/bplus_v22_d3r2_20260711/STATUS.md
canonical_report_or_ledger	6644347	logs/bplus_v22_d3r2_20260711/artifacts/hierarchical_warmstart_20260712_160212/opened_registry.snapshot.tsv
canonical_report_or_ledger	20723	logs/bplus_v22_d3r2_20260711/artifacts/hierarchical_warmstart_20260712_160212/reports/BC_FROZEN_episodes.tsv
canonical_report_or_ledger	21286	logs/bplus_v22_d3r2_20260711/artifacts/hierarchical_warmstart_20260712_160212/reports/SIDECAR_FINETUNE_episodes.tsv
canonical_report_or_ledger	21118	logs/bplus_v22_d3r2_20260711/artifacts/hierarchical_warmstart_20260712_160212/reports/SIDECAR_FROZEN_episodes.tsv
canonical_report_or_ledger	378853	logs/bplus_v22_d3r2_20260711/artifacts/hierarchical_warmstart_manifest_20260712_160123/episodes.tsv
canonical_report_or_ledger	10252737	logs/bplus_v22_d3r2_20260711/artifacts/hierarchical_warmstart_manifest_20260712_160123/macro_examples.tsv
canonical_report_or_ledger	6644347	logs/bplus_v22_d3r2_20260711/artifacts/hierarchical_warmstart_manifest_20260712_160123/registry_after.expected.tsv
canonical_report_or_ledger	6603130	logs/bplus_v22_d3r2_20260711/artifacts/hierarchical_warmstart_manifest_20260712_160123/registry_before.snapshot.tsv
canonical_report_or_ledger	41387	logs/bplus_v22_d3r2_20260711/artifacts/hierarchical_warmstart_manifest_20260712_160123/registry_rows.tsv
canonical_report_or_ledger	1033	logs/bplus_v22_d3r2_20260711/artifacts/hierarchical_zero_identity_20260712_155938/case_manifest.tsv
canonical_report_or_ledger	10332	logs/bplus_v22_d3r2_20260711/artifacts/hierarchical_zero_identity_20260712_155938/identity_results.tsv
canonical_report_or_ledger	6241142	logs/bplus_v22_d3r2_20260711/artifacts/registry_plan_20260712_075931/registry_after.expected.tsv
canonical_report_or_ledger	5180158	logs/bplus_v22_d3r2_20260711/artifacts/registry_plan_20260712_075931/registry_before.snapshot.tsv
canonical_report_or_ledger	1061154	logs/bplus_v22_d3r2_20260711/artifacts/registry_plan_20260712_075931/registry_rows.tsv
canonical_report_or_ledger	6241142	logs/bplus_v22_d3r2_20260711/artifacts/sidecar_init_20260712_080012/opened_registry.snapshot.tsv
canonical_report_or_ledger	667223	logs/bplus_v22_d3r2_20260711/artifacts/task10_warmstart_20260712_105740/episode_results.tsv
canonical_report_or_ledger	21935859	logs/bplus_v22_d3r2_20260711/artifacts/task10_warmstart_20260712_105740/macro_decisions.tsv
canonical_report_or_ledger	32813	logs/bplus_v22_d3r2_20260711/artifacts/task8_manifests_20260712_103509/d25_witness_training.tsv
canonical_report_or_ledger	156141	logs/bplus_v22_d3r2_20260711/artifacts/task8_manifests_20260712_103509/development_scenarios.tsv
canonical_report_or_ledger	3067	logs/bplus_v22_d3r2_20260711/artifacts/task8_manifests_20260712_103509/evaluation_jobs.tsv
canonical_report_or_ledger	102	logs/bplus_v22_d3r2_20260711/artifacts/task8_manifests_20260712_103509/l4_disjoint_recoverability.tsv
canonical_report_or_ledger	3716	logs/bplus_v22_d3r2_20260711/artifacts/task8_manifests_20260712_103509/no_learning_smoke.tsv
canonical_report_or_ledger	804966	logs/bplus_v22_d3r2_20260711/artifacts/task8_manifests_20260712_103509/training_scenarios.tsv
canonical_report_or_ledger	32813	logs/bplus_v22_d3r2_20260711/artifacts/task8_manifests_20260712_113241/d25_witness_training.tsv
canonical_report_or_ledger	156088	logs/bplus_v22_d3r2_20260711/artifacts/task8_manifests_20260712_113241/development_scenarios.tsv
canonical_report_or_ledger	3067	logs/bplus_v22_d3r2_20260711/artifacts/task8_manifests_20260712_113241/evaluation_jobs.tsv
canonical_report_or_ledger	102	logs/bplus_v22_d3r2_20260711/artifacts/task8_manifests_20260712_113241/l4_disjoint_recoverability.tsv
canonical_report_or_ledger	3716	logs/bplus_v22_d3r2_20260711/artifacts/task8_manifests_20260712_113241/no_learning_smoke.tsv
canonical_report_or_ledger	804966	logs/bplus_v22_d3r2_20260711/artifacts/task8_manifests_20260712_113241/training_scenarios.tsv
canonical_report_or_ledger	27469	logs/bplus_v22_d3r2_20260711/artifacts/task9_checkpoint_preflight_20260712_103517/task9_results.tsv
canonical_report_or_ledger	398343	logs/bplus_v22_d3r2_20260711/artifacts/warmstart_manifest_20260712_091851/episodes.tsv
canonical_report_or_ledger	10619807	logs/bplus_v22_d3r2_20260711/artifacts/warmstart_manifest_20260712_091851/macro_examples.tsv
canonical_report_or_ledger	6603130	logs/bplus_v22_d3r2_20260711/artifacts/warmstart_manifest_20260712_091851/registry_after.expected.tsv
canonical_report_or_ledger	6241142	logs/bplus_v22_d3r2_20260711/artifacts/warmstart_manifest_20260712_091851/registry_before.snapshot.tsv
canonical_report_or_ledger	362158	logs/bplus_v22_d3r2_20260711/artifacts/warmstart_manifest_20260712_091851/registry_rows.tsv
canonical_report_or_ledger	6603130	logs/bplus_v22_d3r2_20260711/artifacts/warmstart_remediation_20260712_100124/opened_registry.snapshot.tsv
canonical_report_or_ledger	398343	logs/bplus_v22_d3r2_20260711/artifacts/warmstart_remediation_manifest_20260712_100032/episodes.tsv
canonical_report_or_ledger	10619807	logs/bplus_v22_d3r2_20260711/artifacts/warmstart_remediation_manifest_20260712_100032/macro_examples.tsv
canonical_report_or_ledger	6603130	logs/bplus_v22_d3r2_20260711/artifacts/warmstart_remediation_manifest_20260712_100032/registry_after.expected.tsv
canonical_report_or_ledger	6241142	logs/bplus_v22_d3r2_20260711/artifacts/warmstart_remediation_manifest_20260712_100032/registry_before.snapshot.tsv
canonical_report_or_ledger	362158	logs/bplus_v22_d3r2_20260711/artifacts/warmstart_remediation_manifest_20260712_100032/registry_rows.tsv
canonical_report_or_ledger	6603130	logs/bplus_v22_d3r2_20260711/artifacts/warmstart_smoke_20260712_091950/opened_registry.snapshot.tsv
canonical_report_or_ledger	1033	logs/bplus_v22_d3r2_20260711/artifacts/zero_identity_20260711_230554/case_manifest.tsv
canonical_report_or_ledger	9207	logs/bplus_v22_d3r2_20260711/artifacts/zero_identity_20260711_230554/identity_results.tsv
canonical_report_or_ledger	1033	logs/bplus_v22_d3r2_20260711/artifacts/zero_identity_20260712_080201/case_manifest.tsv
canonical_report_or_ledger	9207	logs/bplus_v22_d3r2_20260711/artifacts/zero_identity_20260712_080201/identity_results.tsv
canonical_report_or_ledger	319059	logs/d0_canonical_audit_20260710_121955/canonical_episodes.tsv
canonical_report_or_ledger	59501	logs/d0_canonical_audit_20260710_121955/collision_events.tsv
canonical_report_or_ledger	2942	logs/d0_canonical_audit_20260710_121955/d0_summary.md
canonical_report_or_ledger	3681194	logs/d0_canonical_audit_20260710_121955/episode_occurrences.tsv
canonical_report_or_ledger	5566	logs/d0_canonical_audit_20260710_121955/input_provenance.tsv
canonical_report_or_ledger	5660	logs/d25_counterfactual_20260711/D25_EVIDENCE_REPORT_20260711.md
canonical_report_or_ledger	1651	logs/d25_counterfactual_20260711/DECISIONS.md
canonical_report_or_ledger	1045	logs/d25_counterfactual_20260711/EXPERIMENTS.md
canonical_report_or_ledger	1127	logs/d25_counterfactual_20260711/STATUS.md
canonical_report_or_ledger	1511	logs/d25_counterfactual_20260711/artifacts/baseline_smoke_20260711_184500/baseline_replay.tsv
canonical_report_or_ledger	41612	logs/d25_counterfactual_20260711/artifacts/baseline_smoke_20260711_184500/case_manifest.tsv
canonical_report_or_ledger	4163518	logs/d25_counterfactual_20260711/artifacts/baseline_smoke_20260711_184500/opened_registry.snapshot.tsv
canonical_report_or_ledger	1511	logs/d25_counterfactual_20260711/artifacts/branch_smoke_20260711_185000/baseline_replay.tsv
canonical_report_or_ledger	11141	logs/d25_counterfactual_20260711/artifacts/branch_smoke_20260711_185000/branch_results.tsv
canonical_report_or_ledger	41612	logs/d25_counterfactual_20260711/artifacts/branch_smoke_20260711_185000/case_manifest.tsv
canonical_report_or_ledger	2211	logs/d25_counterfactual_20260711/artifacts/branch_smoke_20260711_185000/case_results.tsv
canonical_report_or_ledger	4163518	logs/d25_counterfactual_20260711/artifacts/branch_smoke_20260711_185000/opened_registry.snapshot.tsv
canonical_report_or_ledger	15865	logs/d25_counterfactual_20260711/artifacts/full_oracle_20260711_185500/baseline_replay.tsv
canonical_report_or_ledger	1303510	logs/d25_counterfactual_20260711/artifacts/full_oracle_20260711_185500/branch_results.tsv
canonical_report_or_ledger	41612	logs/d25_counterfactual_20260711/artifacts/full_oracle_20260711_185500/case_manifest.tsv
canonical_report_or_ledger	26105	logs/d25_counterfactual_20260711/artifacts/full_oracle_20260711_185500/case_results.tsv
canonical_report_or_ledger	4163518	logs/d25_counterfactual_20260711/artifacts/full_oracle_20260711_185500/opened_registry.snapshot.tsv
canonical_report_or_ledger	3512	logs/d2_representation_20260711_174039/D2_EVIDENCE_REPORT_20260711.md
canonical_report_or_ledger	3315	logs/d2_representation_20260711_174039/DECISIONS.md
canonical_report_or_ledger	2544	logs/d2_representation_20260711_174039/STATUS.md
canonical_report_or_ledger	882	logs/d2_representation_20260711_174039/artifacts/d2_evidence_20260711_182700/d2_summary.md
canonical_report_or_ledger	703	logs/d2_representation_20260711_174039/artifacts/deployable_signals_20260711_182229/REMOTE_ARRAYS.md
canonical_report_or_ledger	4115570	logs/d2_representation_20260711_174039/artifacts/deployable_signals_20260711_182229/opened_registry.snapshot.tsv
canonical_report_or_ledger	870	logs/d2_representation_20260711_174039/artifacts/non_test_full_20260711_175713/REMOTE_ARRAYS.md
canonical_report_or_ledger	1046123	logs/d2_representation_20260711_174039/artifacts/non_test_full_20260711_175713/episode_metadata.tsv
canonical_report_or_ledger	4115570	logs/d2_representation_20260711_174039/artifacts/non_test_full_20260711_175713/opened_registry.after_partition.tsv
canonical_report_or_ledger	463699	logs/d2_representation_20260711_174039/artifacts/non_test_full_20260711_175713/source_inventory.tsv
canonical_report_or_ledger	4557	logs/d2_representation_20260711_174039/artifacts/non_test_smoke_20260711_175611/episode_metadata.tsv
canonical_report_or_ledger	3078196	logs/d2_representation_20260711_174039/artifacts/non_test_smoke_20260711_175611/opened_registry.after_partition.tsv
canonical_report_or_ledger	1971	logs/d2_representation_20260711_174039/artifacts/non_test_smoke_20260711_175611/source_inventory.tsv
canonical_report_or_ledger	622136	logs/d2_representation_20260711_174039/artifacts/split_lock/non_test_sources.tsv
canonical_report_or_ledger	1096321	logs/d2_representation_20260711_174039/artifacts/split_lock/scenario_split.tsv
canonical_report_or_ledger	2060	logs/d2_representation_20260711_174039/experiments.tsv
canonical_report_or_ledger	216	logs/d2_representation_20260711_174039/status.tsv
canonical_report_or_ledger	8630	logs/d2r_geometry_20260711/D2R_EVIDENCE_REPORT_20260711.md
canonical_report_or_ledger	2432	logs/d2r_geometry_20260711/DECISIONS.md
canonical_report_or_ledger	2412	logs/d2r_geometry_20260711/EXPERIMENTS.md
canonical_report_or_ledger	1704	logs/d2r_geometry_20260711/STATUS.md
canonical_report_or_ledger	575	logs/d2r_geometry_20260711/artifacts/evidence_20260711_211000/d2r_summary.md
canonical_report_or_ledger	5180158	logs/d2r_geometry_20260711/artifacts/full_oof_20260711_210200/opened_registry.snapshot.tsv
canonical_report_or_ledger	5180158	logs/d2r_geometry_20260711/artifacts/outer0_smoke_20260711_210000/opened_registry.snapshot.tsv
canonical_report_or_ledger	9506	logs/final_model_report_20260710.md
canonical_report_or_ledger	9404	logs/p1_final_report_20260710.md
canonical_report_or_ledger	59	logs/p1_validation_20260710_121955/eval_p1v_20260710_121955_bc_Austin_off21.tsv
canonical_report_or_ledger	59	logs/p1_validation_20260710_121955/eval_p1v_20260710_121955_bc_Austin_off42.tsv
canonical_report_or_ledger	59	logs/p1_validation_20260710_121955/eval_p1v_20260710_121955_bc_Austin_off63.tsv
canonical_report_or_ledger	59	logs/p1_validation_20260710_121955/eval_p1v_20260710_121955_bc_Austin_off84.tsv
canonical_report_or_ledger	65	logs/p1_validation_20260710_121955/eval_p1v_20260710_121955_bc_Hockenheim_off0.tsv
canonical_report_or_ledger	71	logs/p1_validation_20260710_121955/eval_p1v_20260710_121955_bc_MoscowRaceway_off0.tsv
canonical_report_or_ledger	69	logs/p1_validation_20260710_121955/eval_p1v_20260710_121955_bc_Nuerburgring_off0.tsv
canonical_report_or_ledger	64	logs/p1_validation_20260710_121955/eval_p1v_20260710_121955_cand040_Austin_off21.tsv
canonical_report_or_ledger	64	logs/p1_validation_20260710_121955/eval_p1v_20260710_121955_cand040_Austin_off42.tsv
canonical_report_or_ledger	64	logs/p1_validation_20260710_121955/eval_p1v_20260710_121955_cand040_Austin_off63.tsv
canonical_report_or_ledger	64	logs/p1_validation_20260710_121955/eval_p1v_20260710_121955_cand040_Austin_off84.tsv
canonical_report_or_ledger	70	logs/p1_validation_20260710_121955/eval_p1v_20260710_121955_cand040_Hockenheim_off0.tsv
canonical_report_or_ledger	76	logs/p1_validation_20260710_121955/eval_p1v_20260710_121955_cand040_MoscowRaceway_off0.tsv
canonical_report_or_ledger	74	logs/p1_validation_20260710_121955/eval_p1v_20260710_121955_cand040_Nuerburgring_off0.tsv
canonical_report_or_ledger	64	logs/p1_validation_20260710_121955/eval_p1v_20260710_121955_cand120_Austin_off21.tsv
canonical_report_or_ledger	64	logs/p1_validation_20260710_121955/eval_p1v_20260710_121955_cand120_Austin_off42.tsv
canonical_report_or_ledger	64	logs/p1_validation_20260710_121955/eval_p1v_20260710_121955_cand120_Austin_off63.tsv
canonical_report_or_ledger	64	logs/p1_validation_20260710_121955/eval_p1v_20260710_121955_cand120_Austin_off84.tsv
canonical_report_or_ledger	70	logs/p1_validation_20260710_121955/eval_p1v_20260710_121955_cand120_Hockenheim_off0.tsv
canonical_report_or_ledger	76	logs/p1_validation_20260710_121955/eval_p1v_20260710_121955_cand120_MoscowRaceway_off0.tsv
canonical_report_or_ledger	74	logs/p1_validation_20260710_121955/eval_p1v_20260710_121955_cand120_Nuerburgring_off0.tsv
canonical_report_or_ledger	64	logs/p1_validation_20260710_121955/eval_p1v_20260710_121955_cand160_Austin_off21.tsv
canonical_report_or_ledger	64	logs/p1_validation_20260710_121955/eval_p1v_20260710_121955_cand160_Austin_off42.tsv
canonical_report_or_ledger	64	logs/p1_validation_20260710_121955/eval_p1v_20260710_121955_cand160_Austin_off63.tsv
canonical_report_or_ledger	64	logs/p1_validation_20260710_121955/eval_p1v_20260710_121955_cand160_Austin_off84.tsv
canonical_report_or_ledger	70	logs/p1_validation_20260710_121955/eval_p1v_20260710_121955_cand160_Hockenheim_off0.tsv
canonical_report_or_ledger	76	logs/p1_validation_20260710_121955/eval_p1v_20260710_121955_cand160_MoscowRaceway_off0.tsv
canonical_report_or_ledger	74	logs/p1_validation_20260710_121955/eval_p1v_20260710_121955_cand160_Nuerburgring_off0.tsv
canonical_report_or_ledger	4511	logs/p1_validation_20260710_121955/final_summary.md
canonical_report_or_ledger	3900	logs/p1_validation_20260710_121955/manifest.tsv
canonical_report_or_ledger	5583	logs/p1_validation_20260710_121955/paired_cand040_Austin_off21.md
canonical_report_or_ledger	4513	logs/p1_validation_20260710_121955/paired_cand040_Austin_off42.md
canonical_report_or_ledger	5411	logs/p1_validation_20260710_121955/paired_cand040_Austin_off63.md
canonical_report_or_ledger	4663	logs/p1_validation_20260710_121955/paired_cand040_Austin_off84.md
canonical_report_or_ledger	4833	logs/p1_validation_20260710_121955/paired_cand040_Hockenheim_off0.md
canonical_report_or_ledger	6314	logs/p1_validation_20260710_121955/paired_cand040_MoscowRaceway_off0.md
canonical_report_or_ledger	4371	logs/p1_validation_20260710_121955/paired_cand040_Nuerburgring_off0.md
canonical_report_or_ledger	6106	logs/p1_validation_20260710_121955/paired_cand120_Austin_off21.md
canonical_report_or_ledger	7184	logs/p1_validation_20260710_121955/paired_cand120_Austin_off42.md
canonical_report_or_ledger	6106	logs/p1_validation_20260710_121955/paired_cand120_Austin_off63.md
canonical_report_or_ledger	7360	logs/p1_validation_20260710_121955/paired_cand120_Austin_off84.md
canonical_report_or_ledger	5940	logs/p1_validation_20260710_121955/paired_cand120_Hockenheim_off0.md
canonical_report_or_ledger	6988	logs/p1_validation_20260710_121955/paired_cand120_MoscowRaceway_off0.md
canonical_report_or_ledger	6693	logs/p1_validation_20260710_121955/paired_cand120_Nuerburgring_off0.md
canonical_report_or_ledger	6878	logs/p1_validation_20260710_121955/paired_cand160_Austin_off21.md
canonical_report_or_ledger	7341	logs/p1_validation_20260710_121955/paired_cand160_Austin_off42.md
canonical_report_or_ledger	6513	logs/p1_validation_20260710_121955/paired_cand160_Austin_off63.md
canonical_report_or_ledger	7535	logs/p1_validation_20260710_121955/paired_cand160_Austin_off84.md
canonical_report_or_ledger	4120	logs/p1_validation_20260710_121955/paired_cand160_Hockenheim_off0.md
canonical_report_or_ledger	7897	logs/p1_validation_20260710_121955/paired_cand160_MoscowRaceway_off0.md
canonical_report_or_ledger	5228	logs/p1_validation_20260710_121955/paired_cand160_Nuerburgring_off0.md
canonical_report_or_ledger	6241	logs/p1_validation_20260710_121955/status.tsv
canonical_report_or_ledger	1350	logs/ppo_next_unattended_20260710_230212/AUTHORITY_UPDATE_20260711.md
canonical_report_or_ledger	5555	logs/ppo_next_unattended_20260710_230212/D01_EVIDENCE_REPORT_20260711.md
canonical_report_or_ledger	3166	logs/ppo_next_unattended_20260710_230212/DECISIONS.md
canonical_report_or_ledger	509	logs/ppo_next_unattended_20260710_230212/FINAL_REPORT.md
canonical_report_or_ledger	1767	logs/ppo_next_unattended_20260710_230212/GOAL_OBJECTIVE.md
canonical_report_or_ledger	1643	logs/ppo_next_unattended_20260710_230212/RUNBOOK.md
canonical_report_or_ledger	2342	logs/ppo_next_unattended_20260710_230212/STATUS.md
canonical_report_or_ledger	96	logs/ppo_next_unattended_20260710_230212/artifacts/d01_full_reconcile_20260711_170200_a/alignment_failures.tsv
canonical_report_or_ledger	63893	logs/ppo_next_unattended_20260710_230212/artifacts/d01_full_reconcile_20260711_170200_a/blocks.tsv
canonical_report_or_ledger	8051646	logs/ppo_next_unattended_20260710_230212/artifacts/d01_full_reconcile_20260711_170200_a/canonical_episodes.tsv
canonical_report_or_ledger	150904	logs/ppo_next_unattended_20260710_230212/artifacts/d01_full_reconcile_20260711_170200_a/collision_events.tsv
canonical_report_or_ledger	33654	logs/ppo_next_unattended_20260710_230212/artifacts/d01_full_reconcile_20260711_170200_a/d0_summary.md
canonical_report_or_ledger	5760	logs/ppo_next_unattended_20260710_230212/artifacts/d01_full_reconcile_20260711_170200_a/dev_overlap_cell_diag.tsv
canonical_report_or_ledger	8541	logs/ppo_next_unattended_20260710_230212/artifacts/d01_full_reconcile_20260711_170200_a/dev_overlap_exact.tsv
canonical_report_or_ledger	16083552	logs/ppo_next_unattended_20260710_230212/artifacts/d01_full_reconcile_20260711_170200_a/episode_occurrences.tsv
canonical_report_or_ledger	10504	logs/ppo_next_unattended_20260710_230212/artifacts/d01_full_reconcile_20260711_170200_a/input_provenance.tsv
canonical_report_or_ledger	3073866	logs/ppo_next_unattended_20260710_230212/artifacts/d01_full_reconcile_20260711_170200_a/opened_registry.snapshot.tsv
canonical_report_or_ledger	206	logs/ppo_next_unattended_20260710_230212/artifacts/d01_full_reconcile_20260711_170200_a/outcome_corrections.tsv
canonical_report_or_ledger	3511	logs/ppo_next_unattended_20260710_230212/artifacts/d01_full_reconcile_20260711_170200_a/sensitivityA_pairs.tsv
canonical_report_or_ledger	64568	logs/ppo_next_unattended_20260710_230212/artifacts/d01_full_reconcile_20260711_170200_a/sensitivityB_excluded.tsv
canonical_report_or_ledger	3182567	logs/ppo_next_unattended_20260710_230212/artifacts/d01_full_reconcile_20260711_170200_a/trajectory_metrics.tsv
canonical_report_or_ledger	2624	logs/ppo_next_unattended_20260710_230212/artifacts/d01_full_reconcile_20260711_170200_a/transition_matrix_primary.md
canonical_report_or_ledger	77926	logs/ppo_next_unattended_20260710_230212/artifacts/d01_full_reconcile_20260711_170200_a/transition_matrix_primary.tsv
canonical_report_or_ledger	2520	logs/ppo_next_unattended_20260710_230212/artifacts/d01_full_reconcile_20260711_170200_a/transition_matrix_sensA.md
canonical_report_or_ledger	74662	logs/ppo_next_unattended_20260710_230212/artifacts/d01_full_reconcile_20260711_170200_a/transition_matrix_sensA.tsv
canonical_report_or_ledger	2502	logs/ppo_next_unattended_20260710_230212/artifacts/d01_full_reconcile_20260711_170200_a/transition_matrix_sensB.md
canonical_report_or_ledger	74360	logs/ppo_next_unattended_20260710_230212/artifacts/d01_full_reconcile_20260711_170200_a/transition_matrix_sensB.tsv
canonical_report_or_ledger	2888	logs/ppo_next_unattended_20260710_230212/artifacts/d01_v22/REVIEW_CHECKLIST.md
canonical_report_or_ledger	3887	logs/ppo_next_unattended_20260710_230212/artifacts/stage0/TRANSCRIPT.md
canonical_report_or_ledger	3637	logs/ppo_next_unattended_20260710_230212/experiments.tsv
canonical_report_or_ledger	6644347	logs/ppo_next_unattended_20260710_230212/opened_registry.tsv
canonical_report_or_ledger	2861	logs/ppo_next_unattended_20260710_230212/status.tsv
