run,run_label,update,checkpoint_stage,critic_parameter_count,critic_total_l2_norm,critic_delta_l2_from_warmup,critic_relative_l2_from_warmup,privileged_projection_l2,privileged_projection_max_abs,source_path
independent_gru,independent_gru,0,warmup,11301001,162.08606940443119,0.0,0.0,,,post-trained/ppo_independent_gru_0721_base/checkpoints/critic_warmup.pt
independent_gru,independent_gru,1,u0001,11301001,162.09643439212456,1.5062121308736105,0.009292668619876059,,,post-trained/ppo_independent_gru_0721_base/checkpoints/critic_u0001.pt
independent_gru,independent_gru,5,u0005,11301001,162.15599336662208,4.214907603323603,0.026004132365050576,,,post-trained/ppo_independent_gru_0721_base/checkpoints/critic_u0005.pt
independent_gru,independent_gru,10,u0010,11301001,162.24821074278188,6.133541710797891,0.03784126380098529,,,post-trained/ppo_independent_gru_0721_base/checkpoints/critic_u0010.pt
independent_gru,independent_gru,15,u0015,11301001,162.37135712028874,7.9815290651853426,0.04924253573741816,,,post-trained/ppo_independent_gru_0721_base/checkpoints/critic_u0015.pt
independent_gru,independent_gru,20,u0020,11301001,162.47538886797582,9.32241527008742,0.05751521586242229,,,post-trained/ppo_independent_gru_0721_base/checkpoints/critic_u0020.pt
privilege_mlp,privilege_mlp,0,warmup,6181,9.404193643376285,0.0,0.0,,,post-trained/ppo_privilege_mlp_0721_base/checkpoints/critic_warmup.pt
privilege_mlp,privilege_mlp,1,u0001,6181,9.435741316455601,0.3683739683744187,0.039171244483452106,,,post-trained/ppo_privilege_mlp_0721_base/checkpoints/critic_u0001.pt
privilege_mlp,privilege_mlp,5,u0005,6181,9.553481242254856,1.0216858637069142,0.1086415170136915,,,post-trained/ppo_privilege_mlp_0721_base/checkpoints/critic_u0005.pt
privilege_mlp,privilege_mlp,10,u0010,6181,9.709990571263342,1.6399290804967044,0.17438274270880905,,,post-trained/ppo_privilege_mlp_0721_base/checkpoints/critic_u0010.pt
privilege_mlp,privilege_mlp,15,u0015,6181,9.897170707724458,2.1893286908480314,0.23280344640606745,,,post-trained/ppo_privilege_mlp_0721_base/checkpoints/critic_u0015.pt
privilege_mlp,privilege_mlp,20,u0020,6181,10.055239530183949,2.6363522426805623,0.28033793673925894,,,post-trained/ppo_privilege_mlp_0721_base/checkpoints/critic_u0020.pt
privilege_gru,privilege_gru / bs12800 / clip0.15,0,warmup,11309401,162.0798939160269,0.0,0.0,0.07564918758589435,0.003380242269486189,post-trained/ppo_privilege_gru_0721_base/checkpoints/critic_warmup.pt
privilege_gru,privilege_gru / bs12800 / clip0.15,1,u0001,11309401,162.09063270706918,1.6021766564594486,0.009885104301027809,0.14266452678104657,0.008003367111086845,post-trained/ppo_privilege_gru_0721_base/checkpoints/critic_u0001.pt
privilege_gru,privilege_gru / bs12800 / clip0.15,5,u0005,11309401,162.1460527689863,4.023964205285146,0.02482704120826948,0.35948256875182105,0.022424552589654922,post-trained/ppo_privilege_gru_0721_base/checkpoints/critic_u0005.pt
privilege_gru,privilege_gru / bs12800 / clip0.15,10,u0010,11309401,162.22071982276802,5.823516445025023,0.03592991273823371,0.5571203058082554,0.03659633547067642,post-trained/ppo_privilege_gru_0721_base/checkpoints/critic_u0010.pt
privilege_gru,privilege_gru / bs12800 / clip0.15,15,u0015,11309401,162.3157587299492,7.328136388230234,0.0452131119485241,0.7012822955852388,0.05155916512012482,post-trained/ppo_privilege_gru_0721_base/checkpoints/critic_u0015.pt
privilege_gru,privilege_gru / bs12800 / clip0.15,20,u0020,11309401,162.4203991406439,8.736170220623725,0.05390039448785615,0.8433483887761137,0.0677582398056984,post-trained/ppo_privilege_gru_0721_base/checkpoints/critic_u0020.pt
batch_25600,privilege_gru / bs25600,0,warmup,11309401,162.08291856165457,0.0,0.0,0.08599024978284824,0.0038178157992661,post-trained/ppo_privilege_gru_0721_bs25600/checkpoints/critic_warmup.pt
batch_25600,privilege_gru / bs25600,1,u0001,11309401,162.08805640051742,1.0720647005905497,0.006614297855099074,0.13090604561608973,0.00744212232530117,post-trained/ppo_privilege_gru_0721_bs25600/checkpoints/critic_u0001.pt
batch_25600,privilege_gru / bs25600,5,u0005,11309401,162.11522088762155,3.027218566429221,0.018676974682422815,0.27374480900819326,0.020181652158498764,post-trained/ppo_privilege_gru_0721_bs25600/checkpoints/critic_u0005.pt
batch_25600,privilege_gru / bs25600,10,u0010,11309401,162.15335529260133,4.3000013178899525,0.026529639002362115,0.4396369693317149,0.03067532554268837,post-trained/ppo_privilege_gru_0721_bs25600/checkpoints/critic_u0010.pt
batch_25600,privilege_gru / bs25600,15,u0015,11309401,162.20428222048082,5.546296769107206,0.034218885113408516,0.5660666825937389,0.041878730058670044,post-trained/ppo_privilege_gru_0721_bs25600/checkpoints/critic_u0015.pt
batch_25600,privilege_gru / bs25600,20,u0020,11309401,162.24106011789246,6.294689596383157,0.038836230567928266,0.6694381986299507,0.04768580570816994,post-trained/ppo_privilege_gru_0721_bs25600/checkpoints/critic_u0020.pt
batch_51200,privilege_gru / bs51200,0,warmup,11309401,162.08267935429166,0.0,0.0,0.07427174311556368,0.0036415986251085997,post-trained/ppo_privilege_gru_0721_bs51200/checkpoints/critic_warmup.pt
batch_51200,privilege_gru / bs51200,1,u0001,11309401,162.08445685607765,0.5601107983476313,0.003455710385458905,0.10197892575683397,0.005394105799496174,post-trained/ppo_privilege_gru_0721_bs51200/checkpoints/critic_u0001.pt
batch_51200,privilege_gru / bs51200,5,u0005,11309401,162.10107543137195,2.4254834508379295,0.014964482697970079,0.2655106198125586,0.01458150614053011,post-trained/ppo_privilege_gru_0721_bs51200/checkpoints/critic_u0005.pt
batch_51200,privilege_gru / bs51200,10,u0010,11309401,162.12415184775693,3.6744684657405036,0.022670333933144042,0.4035241867820293,0.026373378932476044,post-trained/ppo_privilege_gru_0721_bs51200/checkpoints/critic_u0010.pt
batch_51200,privilege_gru / bs51200,15,u0015,11309401,162.1509274227531,4.446679046598247,0.027434634374956156,0.49853123272681865,0.03409470617771149,post-trained/ppo_privilege_gru_0721_bs51200/checkpoints/critic_u0015.pt
batch_51200,privilege_gru / bs51200,20,u0020,11309401,162.17160506151654,4.895023718724927,0.030200782330510722,0.5554947662170326,0.03714161366224289,post-trained/ppo_privilege_gru_0721_bs51200/checkpoints/critic_u0020.pt
clip_010,privilege_gru / clip0.10,0,warmup,11309401,162.1222194923985,0.0,0.0,0.22862438542412164,0.015218637883663177,post-trained/ppo_privilege_gru_0721_clip010/checkpoints/critic_warmup.pt
clip_010,privilege_gru / clip0.10,1,u0001,11309401,162.1410943350002,1.8825366666205057,0.011611836258562776,0.2546447775555642,0.018124442547559738,post-trained/ppo_privilege_gru_0721_clip010/checkpoints/critic_u0001.pt
clip_010,privilege_gru / clip0.10,5,u0005,11309401,162.21177043836835,4.432821164723392,0.02734246532401585,0.3952978507588217,0.02983739599585533,post-trained/ppo_privilege_gru_0721_clip010/checkpoints/critic_u0005.pt
clip_010,privilege_gru / clip0.10,10,u0010,11309401,162.2969730164844,6.0990259407577465,0.037619926249798936,0.5706556473375674,0.04171879217028618,post-trained/ppo_privilege_gru_0721_clip010/checkpoints/critic_u0010.pt
clip_010,privilege_gru / clip0.10,15,u0015,11309401,162.3954547110533,7.6478719099350165,0.04717349622945179,0.7328140228222038,0.049954891204833984,post-trained/ppo_privilege_gru_0721_clip010/checkpoints/critic_u0015.pt
clip_010,privilege_gru / clip0.10,20,u0020,11309401,162.5031628114995,9.02118771596054,0.05564436351911356,0.8849829791648482,0.06444647908210754,post-trained/ppo_privilege_gru_0721_clip010/checkpoints/critic_u0020.pt
clip_020,privilege_gru / clip0.20,0,warmup,11309401,162.1222194923985,0.0,0.0,0.22862438542412164,0.015218637883663177,post-trained/ppo_privilege_gru_0721_clip020/checkpoints/critic_warmup.pt
clip_020,privilege_gru / clip0.20,1,u0001,11309401,162.1410943350002,1.8825366666205057,0.011611836258562776,0.2546447775555642,0.018124442547559738,post-trained/ppo_privilege_gru_0721_clip020/checkpoints/critic_u0001.pt
clip_020,privilege_gru / clip0.20,5,u0005,11309401,162.23255916993315,4.993691391589566,0.03080201718940634,0.4364338693108135,0.03758009523153305,post-trained/ppo_privilege_gru_0721_clip020/checkpoints/critic_u0005.pt
clip_020,privilege_gru / clip0.20,10,u0010,11309401,162.32237490566388,6.682372040795109,0.04121811348078928,0.6201038815081047,0.05285462364554405,post-trained/ppo_privilege_gru_0721_clip020/checkpoints/critic_u0010.pt
clip_020,privilege_gru / clip0.20,15,u0015,11309401,162.41175713923786,8.017501760179325,0.04945344188650986,0.7498014913930015,0.07010531425476074,post-trained/ppo_privilege_gru_0721_clip020/checkpoints/critic_u0015.pt
clip_020,privilege_gru / clip0.20,20,u0020,11309401,162.51146117489634,9.376340159480966,0.05783500983910845,0.8967375140829931,0.09351978451013565,post-trained/ppo_privilege_gru_0721_clip020/checkpoints/critic_u0020.pt
