episode_key,cluster_id,opponent_raceline,ego_index,opponent_index,speed_scale,collision_count,checkpoint_count,collision_frequency,risk_band
ol0_e213_o221_s0.7,ol0_e213_o221,0,213,221,0.7,35,35,1.0,universal
ol1_e1497_o1512_s0.5,ol1_e1497_o1512,1,1497,1512,0.5,35,35,1.0,universal
ol2_e727_o745_s0.5,ol2_e727_o745,2,727,745,0.5,35,35,1.0,universal
ol1_e1368_o1383_s0.6,ol1_e1368_o1383,1,1368,1383,0.6,30,35,0.8571428571428571,near_universal
ol2_e641_o661_s0.7,ol2_e641_o661,2,641,661,0.7,27,35,0.7714285714285715,frequent
ol0_e256_o262_s0.8,ol0_e256_o262,0,256,262,0.8,21,35,0.6,frequent
ol0_e898_o902_s0.7,ol0_e898_o902,0,898,902,0.7,21,35,0.6,frequent
ol2_e727_o745_s0.7,ol2_e727_o745,2,727,745,0.7,21,35,0.6,frequent
ol2_e85_o106_s0.8,ol2_e85_o106,2,85,106,0.8,21,35,0.6,frequent
ol0_e1539_o1533_s0.7,ol0_e1539_o1533,0,1539,1533,0.7,20,35,0.5714285714285714,frequent
ol0_e513_o523_s0.8,ol0_e513_o523,0,513,523,0.8,19,35,0.5428571428571428,frequent
ol2_e1582_o1611_s0.7,ol2_e1582_o1611,2,1582,1611,0.7,19,35,0.5428571428571428,frequent
ol1_e1539_o1554_s0.5,ol1_e1539_o1554,1,1539,1554,0.5,18,35,0.5142857142857142,frequent
ol0_e384_o391_s0.7,ol0_e384_o391,0,384,391,0.7,16,35,0.45714285714285713,frequent
ol1_e1368_o1383_s0.5,ol1_e1368_o1383,1,1368,1383,0.5,16,35,0.45714285714285713,frequent
ol1_e1411_o1426_s0.5,ol1_e1411_o1426,1,1411,1426,0.5,16,35,0.45714285714285713,frequent
ol1_e1497_o1512_s0.6,ol1_e1497_o1512,1,1497,1512,0.6,16,35,0.45714285714285713,frequent
ol2_e128_o149_s0.8,ol2_e128_o149,2,128,149,0.8,16,35,0.45714285714285713,frequent
ol0_e556_o565_s0.8,ol0_e556_o565,0,556,565,0.8,14,35,0.4,frequent
ol0_e727_o739_s0.5,ol0_e727_o739,0,727,739,0.5,14,35,0.4,frequent
ol1_e256_o271_s0.5,ol1_e256_o271,1,256,271,0.5,14,35,0.4,frequent
ol1_e256_o271_s0.6,ol1_e256_o271,1,256,271,0.6,14,35,0.4,frequent
ol0_e855_o859_s0.7,ol0_e855_o859,0,855,859,0.7,12,35,0.34285714285714286,frequent
ol2_e1967_o2001_s0.8,ol2_e1967_o2001,2,1967,2001,0.8,12,35,0.34285714285714286,frequent
ol2_e42_o63_s0.8,ol2_e42_o63,2,42,63,0.8,12,35,0.34285714285714286,frequent
ol0_e1069_o1067_s0.8,ol0_e1069_o1067,0,1069,1067,0.8,11,35,0.3142857142857143,frequent
ol0_e1283_o1279_s0.7,ol0_e1283_o1279,0,1283,1279,0.7,11,35,0.3142857142857143,frequent
ol0_e1454_o1450_s0.8,ol0_e1454_o1450,0,1454,1450,0.8,11,35,0.3142857142857143,frequent
ol0_e171_o179_s0.7,ol0_e171_o179,0,171,179,0.7,11,35,0.3142857142857143,frequent
ol0_e1924_o1919_s0.7,ol0_e1924_o1919,0,1924,1919,0.7,11,35,0.3142857142857143,frequent
ol0_e641_o651_s0.8,ol0_e641_o651,0,641,651,0.8,11,35,0.3142857142857143,frequent
ol2_e1069_o1102_s0.8,ol2_e1069_o1102,2,1069,1102,0.8,11,35,0.3142857142857143,frequent
ol2_e171_o194_s0.8,ol2_e171_o194,2,171,194,0.8,10,35,0.2857142857142857,frequent
ol0_e1069_o1067_s0.7,ol0_e1069_o1067,0,1069,1067,0.7,8,35,0.22857142857142856,frequent
ol0_e727_o739_s0.6,ol0_e727_o739,0,727,739,0.6,7,35,0.2,occasional
ol1_e727_o742_s0.5,ol1_e727_o742,1,727,742,0.5,7,35,0.2,occasional
ol2_e299_o320_s0.8,ol2_e299_o320,2,299,320,0.8,7,35,0.2,occasional
ol0_e1112_o1110_s0.6,ol0_e1112_o1110,0,1112,1110,0.6,6,35,0.17142857142857143,occasional
ol2_e427_o448_s0.7,ol2_e427_o448,2,427,448,0.7,6,35,0.17142857142857143,occasional
ol0_e1112_o1110_s0.8,ol0_e1112_o1110,0,1112,1110,0.8,5,35,0.14285714285714285,occasional
ol0_e128_o137_s0.8,ol0_e128_o137,0,128,137,0.8,5,35,0.14285714285714285,occasional
ol0_e342_o348_s0.7,ol0_e342_o348,0,342,348,0.7,5,35,0.14285714285714285,occasional
ol0_e983_o987_s0.7,ol0_e983_o987,0,983,987,0.7,5,35,0.14285714285714285,occasional
ol0_e598_o607_s0.7,ol0_e598_o607,0,598,607,0.7,4,35,0.11428571428571428,occasional
ol1_e983_o998_s0.5,ol1_e983_o998,1,983,998,0.5,4,35,0.11428571428571428,occasional
ol2_e85_o106_s0.6,ol2_e85_o106,2,85,106,0.6,4,35,0.11428571428571428,occasional
ol0_e1967_o1962_s0.8,ol0_e1967_o1962,0,1967,1962,0.8,3,35,0.08571428571428572,occasional
ol0_e299_o308_s0.8,ol0_e299_o308,0,299,308,0.8,3,35,0.08571428571428572,occasional
ol0_e342_o348_s0.8,ol0_e342_o348,0,342,348,0.8,3,35,0.08571428571428572,occasional
ol0_e384_o391_s0.6,ol0_e384_o391,0,384,391,0.6,3,35,0.08571428571428572,occasional
ol0_e427_o436_s0.6,ol0_e427_o436,0,427,436,0.6,3,35,0.08571428571428572,occasional
ol0_e684_o696_s0.7,ol0_e684_o696,0,684,696,0.7,3,35,0.08571428571428572,occasional
ol1_e1069_o1084_s0.6,ol1_e1069_o1084,1,1069,1084,0.6,3,35,0.08571428571428572,occasional
ol1_e1539_o1554_s0.7,ol1_e1539_o1554,1,1539,1554,0.7,3,35,0.08571428571428572,occasional
ol1_e1625_o1640_s0.5,ol1_e1625_o1640,1,1625,1640,0.5,3,35,0.08571428571428572,occasional
ol1_e2053_o2068_s0.7,ol1_e2053_o2068,1,2053,2068,0.7,3,35,0.08571428571428572,occasional
ol2_e1326_o1358_s0.8,ol2_e1326_o1358,2,1326,1358,0.8,3,35,0.08571428571428572,occasional
ol2_e1368_o1398_s0.7,ol2_e1368_o1398,2,1368,1398,0.7,3,35,0.08571428571428572,occasional
ol2_e1924_o1958_s0.8,ol2_e1924_o1958,2,1924,1958,0.8,3,35,0.08571428571428572,occasional
ol0_e1197_o1191_s0.8,ol0_e1197_o1191,0,1197,1191,0.8,2,35,0.05714285714285714,occasional
ol0_e213_o221_s0.8,ol0_e213_o221,0,213,221,0.8,2,35,0.05714285714285714,occasional
ol1_e1326_o1341_s0.7,ol1_e1326_o1341,1,1326,1341,0.7,2,35,0.05714285714285714,occasional
ol1_e2053_o2068_s0.8,ol1_e2053_o2068,1,2053,2068,0.8,2,35,0.05714285714285714,occasional
ol1_e342_o357_s0.5,ol1_e342_o357,1,342,357,0.5,2,35,0.05714285714285714,occasional
ol1_e641_o656_s0.6,ol1_e641_o656,1,641,656,0.6,2,35,0.05714285714285714,occasional
ol2_e1368_o1398_s0.8,ol2_e1368_o1398,2,1368,1398,0.8,2,35,0.05714285714285714,occasional
ol2_e42_o63_s0.7,ol2_e42_o63,2,42,63,0.7,2,35,0.05714285714285714,occasional
ol2_e727_o745_s0.6,ol2_e727_o745,2,727,745,0.6,2,35,0.05714285714285714,occasional
ol2_e898_o925_s0.8,ol2_e898_o925,2,898,925,0.8,2,35,0.05714285714285714,occasional
ol0_e1026_o1030_s0.7,ol0_e1026_o1030,0,1026,1030,0.7,1,35,0.02857142857142857,occasional
ol0_e1240_o1234_s0.7,ol0_e1240_o1234,0,1240,1234,0.7,1,35,0.02857142857142857,occasional
ol0_e1326_o1324_s0.8,ol0_e1326_o1324,0,1326,1324,0.8,1,35,0.02857142857142857,occasional
ol0_e1411_o1414_s0.8,ol0_e1411_o1414,0,1411,1414,0.8,1,35,0.02857142857142857,occasional
ol0_e1582_o1583_s0.5,ol0_e1582_o1583,0,1582,1583,0.5,1,35,0.02857142857142857,occasional
ol0_e1582_o1583_s0.8,ol0_e1582_o1583,0,1582,1583,0.8,1,35,0.02857142857142857,occasional
ol0_e85_o94_s0.8,ol0_e85_o94,0,85,94,0.8,1,35,0.02857142857142857,occasional
ol0_e898_o902_s0.8,ol0_e898_o902,0,898,902,0.8,1,35,0.02857142857142857,occasional
ol0_e941_o945_s0.7,ol0_e941_o945,0,941,945,0.7,1,35,0.02857142857142857,occasional
ol0_e983_o987_s0.8,ol0_e983_o987,0,983,987,0.8,1,35,0.02857142857142857,occasional
ol1_e1069_o1084_s0.5,ol1_e1069_o1084,1,1069,1084,0.5,1,35,0.02857142857142857,occasional
ol1_e1283_o1298_s0.7,ol1_e1283_o1298,1,1283,1298,0.7,1,35,0.02857142857142857,occasional
ol1_e2010_o2025_s0.8,ol1_e2010_o2025,1,2010,2025,0.8,1,35,0.02857142857142857,occasional
ol1_e213_o228_s0.5,ol1_e213_o228,1,213,228,0.5,1,35,0.02857142857142857,occasional
ol1_e384_o399_s0.5,ol1_e384_o399,1,384,399,0.5,1,35,0.02857142857142857,occasional
ol1_e42_o57_s0.5,ol1_e42_o57,1,42,57,0.5,1,35,0.02857142857142857,occasional
ol1_e598_o613_s0.7,ol1_e598_o613,1,598,613,0.7,1,35,0.02857142857142857,occasional
ol1_e641_o656_s0.5,ol1_e641_o656,1,641,656,0.5,1,35,0.02857142857142857,occasional
ol1_e641_o656_s0.7,ol1_e641_o656,1,641,656,0.7,1,35,0.02857142857142857,occasional
ol2_e1539_o1574_s0.8,ol2_e1539_o1574,2,1539,1574,0.8,1,35,0.02857142857142857,occasional
ol2_e470_o490_s0.7,ol2_e470_o490,2,470,490,0.7,1,35,0.02857142857142857,occasional
ol2_e684_o702_s0.8,ol2_e684_o702,2,684,702,0.8,1,35,0.02857142857142857,occasional
ol2_e855_o882_s0.8,ol2_e855_o882,2,855,882,0.8,1,35,0.02857142857142857,occasional
ol0_e0_o15_s0.5,ol0_e0_o15,0,0,15,0.5,0,35,0.0,never
ol0_e0_o15_s0.6,ol0_e0_o15,0,0,15,0.6,0,35,0.0,never
ol0_e0_o15_s0.7,ol0_e0_o15,0,0,15,0.7,0,35,0.0,never
ol0_e0_o15_s0.8,ol0_e0_o15,0,0,15,0.8,0,35,0.0,never
ol0_e1026_o1030_s0.5,ol0_e1026_o1030,0,1026,1030,0.5,0,35,0.0,never
ol0_e1026_o1030_s0.6,ol0_e1026_o1030,0,1026,1030,0.6,0,35,0.0,never
ol0_e1026_o1030_s0.8,ol0_e1026_o1030,0,1026,1030,0.8,0,35,0.0,never
ol0_e1069_o1067_s0.5,ol0_e1069_o1067,0,1069,1067,0.5,0,35,0.0,never
ol0_e1069_o1067_s0.6,ol0_e1069_o1067,0,1069,1067,0.6,0,35,0.0,never
ol0_e1112_o1110_s0.5,ol0_e1112_o1110,0,1112,1110,0.5,0,35,0.0,never
ol0_e1112_o1110_s0.7,ol0_e1112_o1110,0,1112,1110,0.7,0,35,0.0,never
ol0_e1154_o1151_s0.5,ol0_e1154_o1151,0,1154,1151,0.5,0,35,0.0,never
ol0_e1154_o1151_s0.6,ol0_e1154_o1151,0,1154,1151,0.6,0,35,0.0,never
ol0_e1154_o1151_s0.7,ol0_e1154_o1151,0,1154,1151,0.7,0,35,0.0,never
ol0_e1154_o1151_s0.8,ol0_e1154_o1151,0,1154,1151,0.8,0,35,0.0,never
ol0_e1197_o1191_s0.5,ol0_e1197_o1191,0,1197,1191,0.5,0,35,0.0,never
ol0_e1197_o1191_s0.6,ol0_e1197_o1191,0,1197,1191,0.6,0,35,0.0,never
ol0_e1197_o1191_s0.7,ol0_e1197_o1191,0,1197,1191,0.7,0,35,0.0,never
ol0_e1240_o1234_s0.5,ol0_e1240_o1234,0,1240,1234,0.5,0,35,0.0,never
ol0_e1240_o1234_s0.6,ol0_e1240_o1234,0,1240,1234,0.6,0,35,0.0,never
ol0_e1240_o1234_s0.8,ol0_e1240_o1234,0,1240,1234,0.8,0,35,0.0,never
ol0_e1283_o1279_s0.5,ol0_e1283_o1279,0,1283,1279,0.5,0,35,0.0,never
ol0_e1283_o1279_s0.6,ol0_e1283_o1279,0,1283,1279,0.6,0,35,0.0,never
ol0_e1283_o1279_s0.8,ol0_e1283_o1279,0,1283,1279,0.8,0,35,0.0,never
ol0_e128_o137_s0.5,ol0_e128_o137,0,128,137,0.5,0,35,0.0,never
ol0_e128_o137_s0.6,ol0_e128_o137,0,128,137,0.6,0,35,0.0,never
ol0_e128_o137_s0.7,ol0_e128_o137,0,128,137,0.7,0,35,0.0,never
ol0_e1326_o1324_s0.5,ol0_e1326_o1324,0,1326,1324,0.5,0,35,0.0,never
ol0_e1326_o1324_s0.6,ol0_e1326_o1324,0,1326,1324,0.6,0,35,0.0,never
ol0_e1326_o1324_s0.7,ol0_e1326_o1324,0,1326,1324,0.7,0,35,0.0,never
ol0_e1368_o1370_s0.5,ol0_e1368_o1370,0,1368,1370,0.5,0,35,0.0,never
ol0_e1368_o1370_s0.6,ol0_e1368_o1370,0,1368,1370,0.6,0,35,0.0,never
ol0_e1368_o1370_s0.7,ol0_e1368_o1370,0,1368,1370,0.7,0,35,0.0,never
ol0_e1368_o1370_s0.8,ol0_e1368_o1370,0,1368,1370,0.8,0,35,0.0,never
ol0_e1411_o1414_s0.5,ol0_e1411_o1414,0,1411,1414,0.5,0,35,0.0,never
ol0_e1411_o1414_s0.6,ol0_e1411_o1414,0,1411,1414,0.6,0,35,0.0,never
ol0_e1411_o1414_s0.7,ol0_e1411_o1414,0,1411,1414,0.7,0,35,0.0,never
ol0_e1454_o1450_s0.5,ol0_e1454_o1450,0,1454,1450,0.5,0,35,0.0,never
ol0_e1454_o1450_s0.6,ol0_e1454_o1450,0,1454,1450,0.6,0,35,0.0,never
ol0_e1454_o1450_s0.7,ol0_e1454_o1450,0,1454,1450,0.7,0,35,0.0,never
ol0_e1497_o1489_s0.5,ol0_e1497_o1489,0,1497,1489,0.5,0,35,0.0,never
ol0_e1497_o1489_s0.6,ol0_e1497_o1489,0,1497,1489,0.6,0,35,0.0,never
ol0_e1497_o1489_s0.7,ol0_e1497_o1489,0,1497,1489,0.7,0,35,0.0,never
ol0_e1497_o1489_s0.8,ol0_e1497_o1489,0,1497,1489,0.8,0,35,0.0,never
ol0_e1539_o1533_s0.5,ol0_e1539_o1533,0,1539,1533,0.5,0,35,0.0,never
ol0_e1539_o1533_s0.6,ol0_e1539_o1533,0,1539,1533,0.6,0,35,0.0,never
ol0_e1539_o1533_s0.8,ol0_e1539_o1533,0,1539,1533,0.8,0,35,0.0,never
ol0_e1582_o1583_s0.6,ol0_e1582_o1583,0,1582,1583,0.6,0,35,0.0,never
ol0_e1582_o1583_s0.7,ol0_e1582_o1583,0,1582,1583,0.7,0,35,0.0,never
ol0_e1625_o1626_s0.5,ol0_e1625_o1626,0,1625,1626,0.5,0,35,0.0,never
ol0_e1625_o1626_s0.6,ol0_e1625_o1626,0,1625,1626,0.6,0,35,0.0,never
ol0_e1625_o1626_s0.7,ol0_e1625_o1626,0,1625,1626,0.7,0,35,0.0,never
ol0_e1625_o1626_s0.8,ol0_e1625_o1626,0,1625,1626,0.8,0,35,0.0,never
ol0_e1668_o1662_s0.5,ol0_e1668_o1662,0,1668,1662,0.5,0,35,0.0,never
ol0_e1668_o1662_s0.6,ol0_e1668_o1662,0,1668,1662,0.6,0,35,0.0,never
ol0_e1668_o1662_s0.7,ol0_e1668_o1662,0,1668,1662,0.7,0,35,0.0,never
ol0_e1668_o1662_s0.8,ol0_e1668_o1662,0,1668,1662,0.8,0,35,0.0,never
ol0_e1711_o1705_s0.5,ol0_e1711_o1705,0,1711,1705,0.5,0,35,0.0,never
ol0_e1711_o1705_s0.6,ol0_e1711_o1705,0,1711,1705,0.6,0,35,0.0,never
ol0_e1711_o1705_s0.7,ol0_e1711_o1705,0,1711,1705,0.7,0,35,0.0,never
ol0_e1711_o1705_s0.8,ol0_e1711_o1705,0,1711,1705,0.8,0,35,0.0,never
ol0_e171_o179_s0.5,ol0_e171_o179,0,171,179,0.5,0,35,0.0,never
ol0_e171_o179_s0.6,ol0_e171_o179,0,171,179,0.6,0,35,0.0,never
ol0_e171_o179_s0.8,ol0_e171_o179,0,171,179,0.8,0,35,0.0,never
ol0_e1753_o1747_s0.5,ol0_e1753_o1747,0,1753,1747,0.5,0,35,0.0,never
ol0_e1753_o1747_s0.6,ol0_e1753_o1747,0,1753,1747,0.6,0,35,0.0,never
ol0_e1753_o1747_s0.7,ol0_e1753_o1747,0,1753,1747,0.7,0,35,0.0,never
ol0_e1753_o1747_s0.8,ol0_e1753_o1747,0,1753,1747,0.8,0,35,0.0,never
ol0_e1796_o1790_s0.5,ol0_e1796_o1790,0,1796,1790,0.5,0,35,0.0,never
ol0_e1796_o1790_s0.6,ol0_e1796_o1790,0,1796,1790,0.6,0,35,0.0,never
ol0_e1796_o1790_s0.7,ol0_e1796_o1790,0,1796,1790,0.7,0,35,0.0,never
ol0_e1796_o1790_s0.8,ol0_e1796_o1790,0,1796,1790,0.8,0,35,0.0,never
ol0_e1839_o1834_s0.5,ol0_e1839_o1834,0,1839,1834,0.5,0,35,0.0,never
ol0_e1839_o1834_s0.6,ol0_e1839_o1834,0,1839,1834,0.6,0,35,0.0,never
ol0_e1839_o1834_s0.7,ol0_e1839_o1834,0,1839,1834,0.7,0,35,0.0,never
ol0_e1839_o1834_s0.8,ol0_e1839_o1834,0,1839,1834,0.8,0,35,0.0,never
ol0_e1882_o1877_s0.5,ol0_e1882_o1877,0,1882,1877,0.5,0,35,0.0,never
ol0_e1882_o1877_s0.6,ol0_e1882_o1877,0,1882,1877,0.6,0,35,0.0,never
ol0_e1882_o1877_s0.7,ol0_e1882_o1877,0,1882,1877,0.7,0,35,0.0,never
ol0_e1882_o1877_s0.8,ol0_e1882_o1877,0,1882,1877,0.8,0,35,0.0,never
ol0_e1924_o1919_s0.5,ol0_e1924_o1919,0,1924,1919,0.5,0,35,0.0,never
ol0_e1924_o1919_s0.6,ol0_e1924_o1919,0,1924,1919,0.6,0,35,0.0,never
ol0_e1924_o1919_s0.8,ol0_e1924_o1919,0,1924,1919,0.8,0,35,0.0,never
ol0_e1967_o1962_s0.5,ol0_e1967_o1962,0,1967,1962,0.5,0,35,0.0,never
ol0_e1967_o1962_s0.6,ol0_e1967_o1962,0,1967,1962,0.6,0,35,0.0,never
ol0_e1967_o1962_s0.7,ol0_e1967_o1962,0,1967,1962,0.7,0,35,0.0,never
ol0_e2010_o2005_s0.5,ol0_e2010_o2005,0,2010,2005,0.5,0,35,0.0,never
ol0_e2010_o2005_s0.6,ol0_e2010_o2005,0,2010,2005,0.6,0,35,0.0,never
ol0_e2010_o2005_s0.7,ol0_e2010_o2005,0,2010,2005,0.7,0,35,0.0,never
ol0_e2010_o2005_s0.8,ol0_e2010_o2005,0,2010,2005,0.8,0,35,0.0,never
ol0_e2053_o2048_s0.5,ol0_e2053_o2048,0,2053,2048,0.5,0,35,0.0,never
ol0_e2053_o2048_s0.6,ol0_e2053_o2048,0,2053,2048,0.6,0,35,0.0,never
ol0_e2053_o2048_s0.7,ol0_e2053_o2048,0,2053,2048,0.7,0,35,0.0,never
ol0_e2053_o2048_s0.8,ol0_e2053_o2048,0,2053,2048,0.8,0,35,0.0,never
ol0_e2096_o15_s0.5,ol0_e2096_o15,0,2096,15,0.5,0,35,0.0,never
ol0_e2096_o15_s0.6,ol0_e2096_o15,0,2096,15,0.6,0,35,0.0,never
ol0_e2096_o15_s0.7,ol0_e2096_o15,0,2096,15,0.7,0,35,0.0,never
ol0_e2096_o15_s0.8,ol0_e2096_o15,0,2096,15,0.8,0,35,0.0,never
ol0_e213_o221_s0.5,ol0_e213_o221,0,213,221,0.5,0,35,0.0,never
ol0_e213_o221_s0.6,ol0_e213_o221,0,213,221,0.6,0,35,0.0,never
ol0_e256_o262_s0.5,ol0_e256_o262,0,256,262,0.5,0,35,0.0,never
ol0_e256_o262_s0.6,ol0_e256_o262,0,256,262,0.6,0,35,0.0,never
ol0_e256_o262_s0.7,ol0_e256_o262,0,256,262,0.7,0,35,0.0,never
ol0_e299_o308_s0.5,ol0_e299_o308,0,299,308,0.5,0,35,0.0,never
ol0_e299_o308_s0.6,ol0_e299_o308,0,299,308,0.6,0,35,0.0,never
ol0_e299_o308_s0.7,ol0_e299_o308,0,299,308,0.7,0,35,0.0,never
ol0_e342_o348_s0.5,ol0_e342_o348,0,342,348,0.5,0,35,0.0,never
ol0_e342_o348_s0.6,ol0_e342_o348,0,342,348,0.6,0,35,0.0,never
ol0_e384_o391_s0.5,ol0_e384_o391,0,384,391,0.5,0,35,0.0,never
ol0_e384_o391_s0.8,ol0_e384_o391,0,384,391,0.8,0,35,0.0,never
ol0_e427_o436_s0.5,ol0_e427_o436,0,427,436,0.5,0,35,0.0,never
ol0_e427_o436_s0.7,ol0_e427_o436,0,427,436,0.7,0,35,0.0,never
ol0_e427_o436_s0.8,ol0_e427_o436,0,427,436,0.8,0,35,0.0,never
ol0_e42_o51_s0.5,ol0_e42_o51,0,42,51,0.5,0,35,0.0,never
ol0_e42_o51_s0.6,ol0_e42_o51,0,42,51,0.6,0,35,0.0,never
ol0_e42_o51_s0.7,ol0_e42_o51,0,42,51,0.7,0,35,0.0,never
ol0_e42_o51_s0.8,ol0_e42_o51,0,42,51,0.8,0,35,0.0,never
ol0_e470_o480_s0.5,ol0_e470_o480,0,470,480,0.5,0,35,0.0,never
ol0_e470_o480_s0.6,ol0_e470_o480,0,470,480,0.6,0,35,0.0,never
ol0_e470_o480_s0.7,ol0_e470_o480,0,470,480,0.7,0,35,0.0,never
ol0_e470_o480_s0.8,ol0_e470_o480,0,470,480,0.8,0,35,0.0,never
ol0_e513_o523_s0.5,ol0_e513_o523,0,513,523,0.5,0,35,0.0,never
ol0_e513_o523_s0.6,ol0_e513_o523,0,513,523,0.6,0,35,0.0,never
ol0_e513_o523_s0.7,ol0_e513_o523,0,513,523,0.7,0,35,0.0,never
ol0_e556_o565_s0.5,ol0_e556_o565,0,556,565,0.5,0,35,0.0,never
ol0_e556_o565_s0.6,ol0_e556_o565,0,556,565,0.6,0,35,0.0,never
ol0_e556_o565_s0.7,ol0_e556_o565,0,556,565,0.7,0,35,0.0,never
ol0_e598_o607_s0.5,ol0_e598_o607,0,598,607,0.5,0,35,0.0,never
ol0_e598_o607_s0.6,ol0_e598_o607,0,598,607,0.6,0,35,0.0,never
ol0_e598_o607_s0.8,ol0_e598_o607,0,598,607,0.8,0,35,0.0,never
ol0_e641_o651_s0.5,ol0_e641_o651,0,641,651,0.5,0,35,0.0,never
ol0_e641_o651_s0.6,ol0_e641_o651,0,641,651,0.6,0,35,0.0,never
ol0_e641_o651_s0.7,ol0_e641_o651,0,641,651,0.7,0,35,0.0,never
ol0_e684_o696_s0.5,ol0_e684_o696,0,684,696,0.5,0,35,0.0,never
ol0_e684_o696_s0.6,ol0_e684_o696,0,684,696,0.6,0,35,0.0,never
ol0_e684_o696_s0.8,ol0_e684_o696,0,684,696,0.8,0,35,0.0,never
ol0_e727_o739_s0.7,ol0_e727_o739,0,727,739,0.7,0,35,0.0,never
ol0_e727_o739_s0.8,ol0_e727_o739,0,727,739,0.8,0,35,0.0,never
ol0_e769_o773_s0.5,ol0_e769_o773,0,769,773,0.5,0,35,0.0,never
ol0_e769_o773_s0.6,ol0_e769_o773,0,769,773,0.6,0,35,0.0,never
ol0_e769_o773_s0.7,ol0_e769_o773,0,769,773,0.7,0,35,0.0,never
ol0_e769_o773_s0.8,ol0_e769_o773,0,769,773,0.8,0,35,0.0,never
ol0_e812_o816_s0.5,ol0_e812_o816,0,812,816,0.5,0,35,0.0,never
ol0_e812_o816_s0.6,ol0_e812_o816,0,812,816,0.6,0,35,0.0,never
ol0_e812_o816_s0.7,ol0_e812_o816,0,812,816,0.7,0,35,0.0,never
ol0_e812_o816_s0.8,ol0_e812_o816,0,812,816,0.8,0,35,0.0,never
ol0_e855_o859_s0.5,ol0_e855_o859,0,855,859,0.5,0,35,0.0,never
ol0_e855_o859_s0.6,ol0_e855_o859,0,855,859,0.6,0,35,0.0,never
ol0_e855_o859_s0.8,ol0_e855_o859,0,855,859,0.8,0,35,0.0,never
ol0_e85_o94_s0.5,ol0_e85_o94,0,85,94,0.5,0,35,0.0,never
ol0_e85_o94_s0.6,ol0_e85_o94,0,85,94,0.6,0,35,0.0,never
ol0_e85_o94_s0.7,ol0_e85_o94,0,85,94,0.7,0,35,0.0,never
ol0_e898_o902_s0.5,ol0_e898_o902,0,898,902,0.5,0,35,0.0,never
ol0_e898_o902_s0.6,ol0_e898_o902,0,898,902,0.6,0,35,0.0,never
ol0_e941_o945_s0.5,ol0_e941_o945,0,941,945,0.5,0,35,0.0,never
ol0_e941_o945_s0.6,ol0_e941_o945,0,941,945,0.6,0,35,0.0,never
ol0_e941_o945_s0.8,ol0_e941_o945,0,941,945,0.8,0,35,0.0,never
ol0_e983_o987_s0.5,ol0_e983_o987,0,983,987,0.5,0,35,0.0,never
ol0_e983_o987_s0.6,ol0_e983_o987,0,983,987,0.6,0,35,0.0,never
ol1_e0_o15_s0.5,ol1_e0_o15,1,0,15,0.5,0,35,0.0,never
ol1_e0_o15_s0.6,ol1_e0_o15,1,0,15,0.6,0,35,0.0,never
ol1_e0_o15_s0.7,ol1_e0_o15,1,0,15,0.7,0,35,0.0,never
ol1_e0_o15_s0.8,ol1_e0_o15,1,0,15,0.8,0,35,0.0,never
ol1_e1026_o1041_s0.5,ol1_e1026_o1041,1,1026,1041,0.5,0,35,0.0,never
ol1_e1026_o1041_s0.6,ol1_e1026_o1041,1,1026,1041,0.6,0,35,0.0,never
ol1_e1026_o1041_s0.7,ol1_e1026_o1041,1,1026,1041,0.7,0,35,0.0,never
ol1_e1026_o1041_s0.8,ol1_e1026_o1041,1,1026,1041,0.8,0,35,0.0,never
ol1_e1069_o1084_s0.7,ol1_e1069_o1084,1,1069,1084,0.7,0,35,0.0,never
ol1_e1069_o1084_s0.8,ol1_e1069_o1084,1,1069,1084,0.8,0,35,0.0,never
ol1_e1112_o1127_s0.5,ol1_e1112_o1127,1,1112,1127,0.5,0,35,0.0,never
ol1_e1112_o1127_s0.6,ol1_e1112_o1127,1,1112,1127,0.6,0,35,0.0,never
ol1_e1112_o1127_s0.7,ol1_e1112_o1127,1,1112,1127,0.7,0,35,0.0,never
ol1_e1112_o1127_s0.8,ol1_e1112_o1127,1,1112,1127,0.8,0,35,0.0,never
ol1_e1154_o1169_s0.5,ol1_e1154_o1169,1,1154,1169,0.5,0,35,0.0,never
ol1_e1154_o1169_s0.6,ol1_e1154_o1169,1,1154,1169,0.6,0,35,0.0,never
ol1_e1154_o1169_s0.7,ol1_e1154_o1169,1,1154,1169,0.7,0,35,0.0,never
ol1_e1154_o1169_s0.8,ol1_e1154_o1169,1,1154,1169,0.8,0,35,0.0,never
ol1_e1197_o1212_s0.5,ol1_e1197_o1212,1,1197,1212,0.5,0,35,0.0,never
ol1_e1197_o1212_s0.6,ol1_e1197_o1212,1,1197,1212,0.6,0,35,0.0,never
ol1_e1197_o1212_s0.7,ol1_e1197_o1212,1,1197,1212,0.7,0,35,0.0,never
ol1_e1197_o1212_s0.8,ol1_e1197_o1212,1,1197,1212,0.8,0,35,0.0,never
ol1_e1240_o1255_s0.5,ol1_e1240_o1255,1,1240,1255,0.5,0,35,0.0,never
ol1_e1240_o1255_s0.6,ol1_e1240_o1255,1,1240,1255,0.6,0,35,0.0,never
ol1_e1240_o1255_s0.7,ol1_e1240_o1255,1,1240,1255,0.7,0,35,0.0,never
ol1_e1240_o1255_s0.8,ol1_e1240_o1255,1,1240,1255,0.8,0,35,0.0,never
ol1_e1283_o1298_s0.5,ol1_e1283_o1298,1,1283,1298,0.5,0,35,0.0,never
ol1_e1283_o1298_s0.6,ol1_e1283_o1298,1,1283,1298,0.6,0,35,0.0,never
ol1_e1283_o1298_s0.8,ol1_e1283_o1298,1,1283,1298,0.8,0,35,0.0,never
ol1_e128_o143_s0.5,ol1_e128_o143,1,128,143,0.5,0,35,0.0,never
ol1_e128_o143_s0.6,ol1_e128_o143,1,128,143,0.6,0,35,0.0,never
ol1_e128_o143_s0.7,ol1_e128_o143,1,128,143,0.7,0,35,0.0,never
ol1_e128_o143_s0.8,ol1_e128_o143,1,128,143,0.8,0,35,0.0,never
ol1_e1326_o1341_s0.5,ol1_e1326_o1341,1,1326,1341,0.5,0,35,0.0,never
ol1_e1326_o1341_s0.6,ol1_e1326_o1341,1,1326,1341,0.6,0,35,0.0,never
ol1_e1326_o1341_s0.8,ol1_e1326_o1341,1,1326,1341,0.8,0,35,0.0,never
ol1_e1368_o1383_s0.7,ol1_e1368_o1383,1,1368,1383,0.7,0,35,0.0,never
ol1_e1368_o1383_s0.8,ol1_e1368_o1383,1,1368,1383,0.8,0,35,0.0,never
ol1_e1411_o1426_s0.6,ol1_e1411_o1426,1,1411,1426,0.6,0,35,0.0,never
ol1_e1411_o1426_s0.7,ol1_e1411_o1426,1,1411,1426,0.7,0,35,0.0,never
ol1_e1411_o1426_s0.8,ol1_e1411_o1426,1,1411,1426,0.8,0,35,0.0,never
ol1_e1454_o1469_s0.5,ol1_e1454_o1469,1,1454,1469,0.5,0,35,0.0,never
ol1_e1454_o1469_s0.6,ol1_e1454_o1469,1,1454,1469,0.6,0,35,0.0,never
ol1_e1454_o1469_s0.7,ol1_e1454_o1469,1,1454,1469,0.7,0,35,0.0,never
ol1_e1454_o1469_s0.8,ol1_e1454_o1469,1,1454,1469,0.8,0,35,0.0,never
ol1_e1497_o1512_s0.7,ol1_e1497_o1512,1,1497,1512,0.7,0,35,0.0,never
ol1_e1497_o1512_s0.8,ol1_e1497_o1512,1,1497,1512,0.8,0,35,0.0,never
ol1_e1539_o1554_s0.6,ol1_e1539_o1554,1,1539,1554,0.6,0,35,0.0,never
ol1_e1539_o1554_s0.8,ol1_e1539_o1554,1,1539,1554,0.8,0,35,0.0,never
ol1_e1582_o1597_s0.5,ol1_e1582_o1597,1,1582,1597,0.5,0,35,0.0,never
ol1_e1582_o1597_s0.6,ol1_e1582_o1597,1,1582,1597,0.6,0,35,0.0,never
ol1_e1582_o1597_s0.7,ol1_e1582_o1597,1,1582,1597,0.7,0,35,0.0,never
ol1_e1582_o1597_s0.8,ol1_e1582_o1597,1,1582,1597,0.8,0,35,0.0,never
ol1_e1625_o1640_s0.6,ol1_e1625_o1640,1,1625,1640,0.6,0,35,0.0,never
ol1_e1625_o1640_s0.7,ol1_e1625_o1640,1,1625,1640,0.7,0,35,0.0,never
ol1_e1625_o1640_s0.8,ol1_e1625_o1640,1,1625,1640,0.8,0,35,0.0,never
ol1_e1668_o1683_s0.5,ol1_e1668_o1683,1,1668,1683,0.5,0,35,0.0,never
ol1_e1668_o1683_s0.6,ol1_e1668_o1683,1,1668,1683,0.6,0,35,0.0,never
ol1_e1668_o1683_s0.7,ol1_e1668_o1683,1,1668,1683,0.7,0,35,0.0,never
ol1_e1668_o1683_s0.8,ol1_e1668_o1683,1,1668,1683,0.8,0,35,0.0,never
ol1_e1711_o1726_s0.5,ol1_e1711_o1726,1,1711,1726,0.5,0,35,0.0,never
ol1_e1711_o1726_s0.6,ol1_e1711_o1726,1,1711,1726,0.6,0,35,0.0,never
ol1_e1711_o1726_s0.7,ol1_e1711_o1726,1,1711,1726,0.7,0,35,0.0,never
ol1_e1711_o1726_s0.8,ol1_e1711_o1726,1,1711,1726,0.8,0,35,0.0,never
ol1_e171_o186_s0.5,ol1_e171_o186,1,171,186,0.5,0,35,0.0,never
ol1_e171_o186_s0.6,ol1_e171_o186,1,171,186,0.6,0,35,0.0,never
ol1_e171_o186_s0.7,ol1_e171_o186,1,171,186,0.7,0,35,0.0,never
ol1_e171_o186_s0.8,ol1_e171_o186,1,171,186,0.8,0,35,0.0,never
ol1_e1753_o1768_s0.5,ol1_e1753_o1768,1,1753,1768,0.5,0,35,0.0,never
ol1_e1753_o1768_s0.6,ol1_e1753_o1768,1,1753,1768,0.6,0,35,0.0,never
ol1_e1753_o1768_s0.7,ol1_e1753_o1768,1,1753,1768,0.7,0,35,0.0,never
ol1_e1753_o1768_s0.8,ol1_e1753_o1768,1,1753,1768,0.8,0,35,0.0,never
ol1_e1796_o1811_s0.5,ol1_e1796_o1811,1,1796,1811,0.5,0,35,0.0,never
ol1_e1796_o1811_s0.6,ol1_e1796_o1811,1,1796,1811,0.6,0,35,0.0,never
ol1_e1796_o1811_s0.7,ol1_e1796_o1811,1,1796,1811,0.7,0,35,0.0,never
ol1_e1796_o1811_s0.8,ol1_e1796_o1811,1,1796,1811,0.8,0,35,0.0,never
ol1_e1839_o1854_s0.5,ol1_e1839_o1854,1,1839,1854,0.5,0,35,0.0,never
ol1_e1839_o1854_s0.6,ol1_e1839_o1854,1,1839,1854,0.6,0,35,0.0,never
ol1_e1839_o1854_s0.7,ol1_e1839_o1854,1,1839,1854,0.7,0,35,0.0,never
ol1_e1839_o1854_s0.8,ol1_e1839_o1854,1,1839,1854,0.8,0,35,0.0,never
ol1_e1882_o1897_s0.5,ol1_e1882_o1897,1,1882,1897,0.5,0,35,0.0,never
ol1_e1882_o1897_s0.6,ol1_e1882_o1897,1,1882,1897,0.6,0,35,0.0,never
ol1_e1882_o1897_s0.7,ol1_e1882_o1897,1,1882,1897,0.7,0,35,0.0,never
ol1_e1882_o1897_s0.8,ol1_e1882_o1897,1,1882,1897,0.8,0,35,0.0,never
ol1_e1924_o1939_s0.5,ol1_e1924_o1939,1,1924,1939,0.5,0,35,0.0,never
ol1_e1924_o1939_s0.6,ol1_e1924_o1939,1,1924,1939,0.6,0,35,0.0,never
ol1_e1924_o1939_s0.7,ol1_e1924_o1939,1,1924,1939,0.7,0,35,0.0,never
ol1_e1924_o1939_s0.8,ol1_e1924_o1939,1,1924,1939,0.8,0,35,0.0,never
ol1_e1967_o1982_s0.5,ol1_e1967_o1982,1,1967,1982,0.5,0,35,0.0,never
ol1_e1967_o1982_s0.6,ol1_e1967_o1982,1,1967,1982,0.6,0,35,0.0,never
ol1_e1967_o1982_s0.7,ol1_e1967_o1982,1,1967,1982,0.7,0,35,0.0,never
ol1_e1967_o1982_s0.8,ol1_e1967_o1982,1,1967,1982,0.8,0,35,0.0,never
ol1_e2010_o2025_s0.5,ol1_e2010_o2025,1,2010,2025,0.5,0,35,0.0,never
ol1_e2010_o2025_s0.6,ol1_e2010_o2025,1,2010,2025,0.6,0,35,0.0,never
ol1_e2010_o2025_s0.7,ol1_e2010_o2025,1,2010,2025,0.7,0,35,0.0,never
ol1_e2053_o2068_s0.5,ol1_e2053_o2068,1,2053,2068,0.5,0,35,0.0,never
ol1_e2053_o2068_s0.6,ol1_e2053_o2068,1,2053,2068,0.6,0,35,0.0,never
ol1_e2096_o14_s0.5,ol1_e2096_o14,1,2096,14,0.5,0,35,0.0,never
ol1_e2096_o14_s0.6,ol1_e2096_o14,1,2096,14,0.6,0,35,0.0,never
ol1_e2096_o14_s0.7,ol1_e2096_o14,1,2096,14,0.7,0,35,0.0,never
ol1_e2096_o14_s0.8,ol1_e2096_o14,1,2096,14,0.8,0,35,0.0,never
ol1_e213_o228_s0.6,ol1_e213_o228,1,213,228,0.6,0,35,0.0,never
ol1_e213_o228_s0.7,ol1_e213_o228,1,213,228,0.7,0,35,0.0,never
ol1_e213_o228_s0.8,ol1_e213_o228,1,213,228,0.8,0,35,0.0,never
ol1_e256_o271_s0.7,ol1_e256_o271,1,256,271,0.7,0,35,0.0,never
ol1_e256_o271_s0.8,ol1_e256_o271,1,256,271,0.8,0,35,0.0,never
ol1_e299_o314_s0.5,ol1_e299_o314,1,299,314,0.5,0,35,0.0,never
ol1_e299_o314_s0.6,ol1_e299_o314,1,299,314,0.6,0,35,0.0,never
ol1_e299_o314_s0.7,ol1_e299_o314,1,299,314,0.7,0,35,0.0,never
ol1_e299_o314_s0.8,ol1_e299_o314,1,299,314,0.8,0,35,0.0,never
ol1_e342_o357_s0.6,ol1_e342_o357,1,342,357,0.6,0,35,0.0,never
ol1_e342_o357_s0.7,ol1_e342_o357,1,342,357,0.7,0,35,0.0,never
ol1_e342_o357_s0.8,ol1_e342_o357,1,342,357,0.8,0,35,0.0,never
ol1_e384_o399_s0.6,ol1_e384_o399,1,384,399,0.6,0,35,0.0,never
ol1_e384_o399_s0.7,ol1_e384_o399,1,384,399,0.7,0,35,0.0,never
ol1_e384_o399_s0.8,ol1_e384_o399,1,384,399,0.8,0,35,0.0,never
ol1_e427_o442_s0.5,ol1_e427_o442,1,427,442,0.5,0,35,0.0,never
ol1_e427_o442_s0.6,ol1_e427_o442,1,427,442,0.6,0,35,0.0,never
ol1_e427_o442_s0.7,ol1_e427_o442,1,427,442,0.7,0,35,0.0,never
ol1_e427_o442_s0.8,ol1_e427_o442,1,427,442,0.8,0,35,0.0,never
ol1_e42_o57_s0.6,ol1_e42_o57,1,42,57,0.6,0,35,0.0,never
ol1_e42_o57_s0.7,ol1_e42_o57,1,42,57,0.7,0,35,0.0,never
ol1_e42_o57_s0.8,ol1_e42_o57,1,42,57,0.8,0,35,0.0,never
ol1_e470_o485_s0.5,ol1_e470_o485,1,470,485,0.5,0,35,0.0,never
ol1_e470_o485_s0.6,ol1_e470_o485,1,470,485,0.6,0,35,0.0,never
ol1_e470_o485_s0.7,ol1_e470_o485,1,470,485,0.7,0,35,0.0,never
ol1_e470_o485_s0.8,ol1_e470_o485,1,470,485,0.8,0,35,0.0,never
ol1_e513_o528_s0.5,ol1_e513_o528,1,513,528,0.5,0,35,0.0,never
ol1_e513_o528_s0.6,ol1_e513_o528,1,513,528,0.6,0,35,0.0,never
ol1_e513_o528_s0.7,ol1_e513_o528,1,513,528,0.7,0,35,0.0,never
ol1_e513_o528_s0.8,ol1_e513_o528,1,513,528,0.8,0,35,0.0,never
ol1_e556_o571_s0.5,ol1_e556_o571,1,556,571,0.5,0,35,0.0,never
ol1_e556_o571_s0.6,ol1_e556_o571,1,556,571,0.6,0,35,0.0,never
ol1_e556_o571_s0.7,ol1_e556_o571,1,556,571,0.7,0,35,0.0,never
ol1_e556_o571_s0.8,ol1_e556_o571,1,556,571,0.8,0,35,0.0,never
ol1_e598_o613_s0.5,ol1_e598_o613,1,598,613,0.5,0,35,0.0,never
ol1_e598_o613_s0.6,ol1_e598_o613,1,598,613,0.6,0,35,0.0,never
ol1_e598_o613_s0.8,ol1_e598_o613,1,598,613,0.8,0,35,0.0,never
ol1_e641_o656_s0.8,ol1_e641_o656,1,641,656,0.8,0,35,0.0,never
ol1_e684_o699_s0.5,ol1_e684_o699,1,684,699,0.5,0,35,0.0,never
ol1_e684_o699_s0.6,ol1_e684_o699,1,684,699,0.6,0,35,0.0,never
ol1_e684_o699_s0.7,ol1_e684_o699,1,684,699,0.7,0,35,0.0,never
ol1_e684_o699_s0.8,ol1_e684_o699,1,684,699,0.8,0,35,0.0,never
ol1_e727_o742_s0.6,ol1_e727_o742,1,727,742,0.6,0,35,0.0,never
ol1_e727_o742_s0.7,ol1_e727_o742,1,727,742,0.7,0,35,0.0,never
ol1_e727_o742_s0.8,ol1_e727_o742,1,727,742,0.8,0,35,0.0,never
ol1_e769_o784_s0.5,ol1_e769_o784,1,769,784,0.5,0,35,0.0,never
ol1_e769_o784_s0.6,ol1_e769_o784,1,769,784,0.6,0,35,0.0,never
ol1_e769_o784_s0.7,ol1_e769_o784,1,769,784,0.7,0,35,0.0,never
ol1_e769_o784_s0.8,ol1_e769_o784,1,769,784,0.8,0,35,0.0,never
ol1_e812_o827_s0.5,ol1_e812_o827,1,812,827,0.5,0,35,0.0,never
ol1_e812_o827_s0.6,ol1_e812_o827,1,812,827,0.6,0,35,0.0,never
ol1_e812_o827_s0.7,ol1_e812_o827,1,812,827,0.7,0,35,0.0,never
ol1_e812_o827_s0.8,ol1_e812_o827,1,812,827,0.8,0,35,0.0,never
ol1_e855_o870_s0.5,ol1_e855_o870,1,855,870,0.5,0,35,0.0,never
ol1_e855_o870_s0.6,ol1_e855_o870,1,855,870,0.6,0,35,0.0,never
ol1_e855_o870_s0.7,ol1_e855_o870,1,855,870,0.7,0,35,0.0,never
ol1_e855_o870_s0.8,ol1_e855_o870,1,855,870,0.8,0,35,0.0,never
ol1_e85_o100_s0.5,ol1_e85_o100,1,85,100,0.5,0,35,0.0,never
ol1_e85_o100_s0.6,ol1_e85_o100,1,85,100,0.6,0,35,0.0,never
ol1_e85_o100_s0.7,ol1_e85_o100,1,85,100,0.7,0,35,0.0,never
ol1_e85_o100_s0.8,ol1_e85_o100,1,85,100,0.8,0,35,0.0,never
ol1_e898_o913_s0.5,ol1_e898_o913,1,898,913,0.5,0,35,0.0,never
ol1_e898_o913_s0.6,ol1_e898_o913,1,898,913,0.6,0,35,0.0,never
ol1_e898_o913_s0.7,ol1_e898_o913,1,898,913,0.7,0,35,0.0,never
ol1_e898_o913_s0.8,ol1_e898_o913,1,898,913,0.8,0,35,0.0,never
ol1_e941_o956_s0.5,ol1_e941_o956,1,941,956,0.5,0,35,0.0,never
ol1_e941_o956_s0.6,ol1_e941_o956,1,941,956,0.6,0,35,0.0,never
ol1_e941_o956_s0.7,ol1_e941_o956,1,941,956,0.7,0,35,0.0,never
ol1_e941_o956_s0.8,ol1_e941_o956,1,941,956,0.8,0,35,0.0,never
ol1_e983_o998_s0.6,ol1_e983_o998,1,983,998,0.6,0,35,0.0,never
ol1_e983_o998_s0.7,ol1_e983_o998,1,983,998,0.7,0,35,0.0,never
ol1_e983_o998_s0.8,ol1_e983_o998,1,983,998,0.8,0,35,0.0,never
ol2_e0_o15_s0.5,ol2_e0_o15,2,0,15,0.5,0,35,0.0,never
ol2_e0_o15_s0.6,ol2_e0_o15,2,0,15,0.6,0,35,0.0,never
ol2_e0_o15_s0.7,ol2_e0_o15,2,0,15,0.7,0,35,0.0,never
ol2_e0_o15_s0.8,ol2_e0_o15,2,0,15,0.8,0,35,0.0,never
ol2_e1026_o1053_s0.5,ol2_e1026_o1053,2,1026,1053,0.5,0,35,0.0,never
ol2_e1026_o1053_s0.6,ol2_e1026_o1053,2,1026,1053,0.6,0,35,0.0,never
ol2_e1026_o1053_s0.7,ol2_e1026_o1053,2,1026,1053,0.7,0,35,0.0,never
ol2_e1026_o1053_s0.8,ol2_e1026_o1053,2,1026,1053,0.8,0,35,0.0,never
ol2_e1069_o1102_s0.5,ol2_e1069_o1102,2,1069,1102,0.5,0,35,0.0,never
ol2_e1069_o1102_s0.6,ol2_e1069_o1102,2,1069,1102,0.6,0,35,0.0,never
ol2_e1069_o1102_s0.7,ol2_e1069_o1102,2,1069,1102,0.7,0,35,0.0,never
ol2_e1112_o1145_s0.5,ol2_e1112_o1145,2,1112,1145,0.5,0,35,0.0,never
ol2_e1112_o1145_s0.6,ol2_e1112_o1145,2,1112,1145,0.6,0,35,0.0,never
ol2_e1112_o1145_s0.7,ol2_e1112_o1145,2,1112,1145,0.7,0,35,0.0,never
ol2_e1112_o1145_s0.8,ol2_e1112_o1145,2,1112,1145,0.8,0,35,0.0,never
ol2_e1154_o1188_s0.5,ol2_e1154_o1188,2,1154,1188,0.5,0,35,0.0,never
ol2_e1154_o1188_s0.6,ol2_e1154_o1188,2,1154,1188,0.6,0,35,0.0,never
ol2_e1154_o1188_s0.7,ol2_e1154_o1188,2,1154,1188,0.7,0,35,0.0,never
ol2_e1154_o1188_s0.8,ol2_e1154_o1188,2,1154,1188,0.8,0,35,0.0,never
ol2_e1197_o1233_s0.5,ol2_e1197_o1233,2,1197,1233,0.5,0,35,0.0,never
ol2_e1197_o1233_s0.6,ol2_e1197_o1233,2,1197,1233,0.6,0,35,0.0,never
ol2_e1197_o1233_s0.7,ol2_e1197_o1233,2,1197,1233,0.7,0,35,0.0,never
ol2_e1197_o1233_s0.8,ol2_e1197_o1233,2,1197,1233,0.8,0,35,0.0,never
ol2_e1240_o1276_s0.5,ol2_e1240_o1276,2,1240,1276,0.5,0,35,0.0,never
ol2_e1240_o1276_s0.6,ol2_e1240_o1276,2,1240,1276,0.6,0,35,0.0,never
ol2_e1240_o1276_s0.7,ol2_e1240_o1276,2,1240,1276,0.7,0,35,0.0,never
ol2_e1240_o1276_s0.8,ol2_e1240_o1276,2,1240,1276,0.8,0,35,0.0,never
ol2_e1283_o1317_s0.5,ol2_e1283_o1317,2,1283,1317,0.5,0,35,0.0,never
ol2_e1283_o1317_s0.6,ol2_e1283_o1317,2,1283,1317,0.6,0,35,0.0,never
ol2_e1283_o1317_s0.7,ol2_e1283_o1317,2,1283,1317,0.7,0,35,0.0,never
ol2_e1283_o1317_s0.8,ol2_e1283_o1317,2,1283,1317,0.8,0,35,0.0,never
ol2_e128_o149_s0.5,ol2_e128_o149,2,128,149,0.5,0,35,0.0,never
ol2_e128_o149_s0.6,ol2_e128_o149,2,128,149,0.6,0,35,0.0,never
ol2_e128_o149_s0.7,ol2_e128_o149,2,128,149,0.7,0,35,0.0,never
ol2_e1326_o1358_s0.5,ol2_e1326_o1358,2,1326,1358,0.5,0,35,0.0,never
ol2_e1326_o1358_s0.6,ol2_e1326_o1358,2,1326,1358,0.6,0,35,0.0,never
ol2_e1326_o1358_s0.7,ol2_e1326_o1358,2,1326,1358,0.7,0,35,0.0,never
ol2_e1368_o1398_s0.5,ol2_e1368_o1398,2,1368,1398,0.5,0,35,0.0,never
ol2_e1368_o1398_s0.6,ol2_e1368_o1398,2,1368,1398,0.6,0,35,0.0,never
ol2_e1411_o1440_s0.5,ol2_e1411_o1440,2,1411,1440,0.5,0,35,0.0,never
ol2_e1411_o1440_s0.6,ol2_e1411_o1440,2,1411,1440,0.6,0,35,0.0,never
ol2_e1411_o1440_s0.7,ol2_e1411_o1440,2,1411,1440,0.7,0,35,0.0,never
ol2_e1411_o1440_s0.8,ol2_e1411_o1440,2,1411,1440,0.8,0,35,0.0,never
ol2_e1454_o1487_s0.5,ol2_e1454_o1487,2,1454,1487,0.5,0,35,0.0,never
ol2_e1454_o1487_s0.6,ol2_e1454_o1487,2,1454,1487,0.6,0,35,0.0,never
ol2_e1454_o1487_s0.7,ol2_e1454_o1487,2,1454,1487,0.7,0,35,0.0,never
ol2_e1454_o1487_s0.8,ol2_e1454_o1487,2,1454,1487,0.8,0,35,0.0,never
ol2_e1497_o1534_s0.5,ol2_e1497_o1534,2,1497,1534,0.5,0,35,0.0,never
ol2_e1497_o1534_s0.6,ol2_e1497_o1534,2,1497,1534,0.6,0,35,0.0,never
ol2_e1497_o1534_s0.7,ol2_e1497_o1534,2,1497,1534,0.7,0,35,0.0,never
ol2_e1497_o1534_s0.8,ol2_e1497_o1534,2,1497,1534,0.8,0,35,0.0,never
ol2_e1539_o1574_s0.5,ol2_e1539_o1574,2,1539,1574,0.5,0,35,0.0,never
ol2_e1539_o1574_s0.6,ol2_e1539_o1574,2,1539,1574,0.6,0,35,0.0,never
ol2_e1539_o1574_s0.7,ol2_e1539_o1574,2,1539,1574,0.7,0,35,0.0,never
ol2_e1582_o1611_s0.5,ol2_e1582_o1611,2,1582,1611,0.5,0,35,0.0,never
ol2_e1582_o1611_s0.6,ol2_e1582_o1611,2,1582,1611,0.6,0,35,0.0,never
ol2_e1582_o1611_s0.8,ol2_e1582_o1611,2,1582,1611,0.8,0,35,0.0,never
ol2_e1625_o1653_s0.5,ol2_e1625_o1653,2,1625,1653,0.5,0,35,0.0,never
ol2_e1625_o1653_s0.6,ol2_e1625_o1653,2,1625,1653,0.6,0,35,0.0,never
ol2_e1625_o1653_s0.7,ol2_e1625_o1653,2,1625,1653,0.7,0,35,0.0,never
ol2_e1625_o1653_s0.8,ol2_e1625_o1653,2,1625,1653,0.8,0,35,0.0,never
ol2_e1668_o1702_s0.5,ol2_e1668_o1702,2,1668,1702,0.5,0,35,0.0,never
ol2_e1668_o1702_s0.6,ol2_e1668_o1702,2,1668,1702,0.6,0,35,0.0,never
ol2_e1668_o1702_s0.7,ol2_e1668_o1702,2,1668,1702,0.7,0,35,0.0,never
ol2_e1668_o1702_s0.8,ol2_e1668_o1702,2,1668,1702,0.8,0,35,0.0,never
ol2_e1711_o1745_s0.5,ol2_e1711_o1745,2,1711,1745,0.5,0,35,0.0,never
ol2_e1711_o1745_s0.6,ol2_e1711_o1745,2,1711,1745,0.6,0,35,0.0,never
ol2_e1711_o1745_s0.7,ol2_e1711_o1745,2,1711,1745,0.7,0,35,0.0,never
ol2_e1711_o1745_s0.8,ol2_e1711_o1745,2,1711,1745,0.8,0,35,0.0,never
ol2_e171_o194_s0.5,ol2_e171_o194,2,171,194,0.5,0,35,0.0,never
ol2_e171_o194_s0.6,ol2_e171_o194,2,171,194,0.6,0,35,0.0,never
ol2_e171_o194_s0.7,ol2_e171_o194,2,171,194,0.7,0,35,0.0,never
ol2_e1753_o1787_s0.5,ol2_e1753_o1787,2,1753,1787,0.5,0,35,0.0,never
ol2_e1753_o1787_s0.6,ol2_e1753_o1787,2,1753,1787,0.6,0,35,0.0,never
ol2_e1753_o1787_s0.7,ol2_e1753_o1787,2,1753,1787,0.7,0,35,0.0,never
ol2_e1753_o1787_s0.8,ol2_e1753_o1787,2,1753,1787,0.8,0,35,0.0,never
ol2_e1796_o1830_s0.5,ol2_e1796_o1830,2,1796,1830,0.5,0,35,0.0,never
ol2_e1796_o1830_s0.6,ol2_e1796_o1830,2,1796,1830,0.6,0,35,0.0,never
ol2_e1796_o1830_s0.7,ol2_e1796_o1830,2,1796,1830,0.7,0,35,0.0,never
ol2_e1796_o1830_s0.8,ol2_e1796_o1830,2,1796,1830,0.8,0,35,0.0,never
ol2_e1839_o1873_s0.5,ol2_e1839_o1873,2,1839,1873,0.5,0,35,0.0,never
ol2_e1839_o1873_s0.6,ol2_e1839_o1873,2,1839,1873,0.6,0,35,0.0,never
ol2_e1839_o1873_s0.7,ol2_e1839_o1873,2,1839,1873,0.7,0,35,0.0,never
ol2_e1839_o1873_s0.8,ol2_e1839_o1873,2,1839,1873,0.8,0,35,0.0,never
ol2_e1882_o1916_s0.5,ol2_e1882_o1916,2,1882,1916,0.5,0,35,0.0,never
ol2_e1882_o1916_s0.6,ol2_e1882_o1916,2,1882,1916,0.6,0,35,0.0,never
ol2_e1882_o1916_s0.7,ol2_e1882_o1916,2,1882,1916,0.7,0,35,0.0,never
ol2_e1882_o1916_s0.8,ol2_e1882_o1916,2,1882,1916,0.8,0,35,0.0,never
ol2_e1924_o1958_s0.5,ol2_e1924_o1958,2,1924,1958,0.5,0,35,0.0,never
ol2_e1924_o1958_s0.6,ol2_e1924_o1958,2,1924,1958,0.6,0,35,0.0,never
ol2_e1924_o1958_s0.7,ol2_e1924_o1958,2,1924,1958,0.7,0,35,0.0,never
ol2_e1967_o2001_s0.5,ol2_e1967_o2001,2,1967,2001,0.5,0,35,0.0,never
ol2_e1967_o2001_s0.6,ol2_e1967_o2001,2,1967,2001,0.6,0,35,0.0,never
ol2_e1967_o2001_s0.7,ol2_e1967_o2001,2,1967,2001,0.7,0,35,0.0,never
ol2_e2010_o2044_s0.5,ol2_e2010_o2044,2,2010,2044,0.5,0,35,0.0,never
ol2_e2010_o2044_s0.6,ol2_e2010_o2044,2,2010,2044,0.6,0,35,0.0,never
ol2_e2010_o2044_s0.7,ol2_e2010_o2044,2,2010,2044,0.7,0,35,0.0,never
ol2_e2010_o2044_s0.8,ol2_e2010_o2044,2,2010,2044,0.8,0,35,0.0,never
ol2_e2053_o2087_s0.5,ol2_e2053_o2087,2,2053,2087,0.5,0,35,0.0,never
ol2_e2053_o2087_s0.6,ol2_e2053_o2087,2,2053,2087,0.6,0,35,0.0,never
ol2_e2053_o2087_s0.7,ol2_e2053_o2087,2,2053,2087,0.7,0,35,0.0,never
ol2_e2053_o2087_s0.8,ol2_e2053_o2087,2,2053,2087,0.8,0,35,0.0,never
ol2_e2096_o15_s0.5,ol2_e2096_o15,2,2096,15,0.5,0,35,0.0,never
ol2_e2096_o15_s0.6,ol2_e2096_o15,2,2096,15,0.6,0,35,0.0,never
ol2_e2096_o15_s0.7,ol2_e2096_o15,2,2096,15,0.7,0,35,0.0,never
ol2_e2096_o15_s0.8,ol2_e2096_o15,2,2096,15,0.8,0,35,0.0,never
ol2_e213_o236_s0.5,ol2_e213_o236,2,213,236,0.5,0,35,0.0,never
ol2_e213_o236_s0.6,ol2_e213_o236,2,213,236,0.6,0,35,0.0,never
ol2_e213_o236_s0.7,ol2_e213_o236,2,213,236,0.7,0,35,0.0,never
ol2_e213_o236_s0.8,ol2_e213_o236,2,213,236,0.8,0,35,0.0,never
ol2_e256_o281_s0.5,ol2_e256_o281,2,256,281,0.5,0,35,0.0,never
ol2_e256_o281_s0.6,ol2_e256_o281,2,256,281,0.6,0,35,0.0,never
ol2_e256_o281_s0.7,ol2_e256_o281,2,256,281,0.7,0,35,0.0,never
ol2_e256_o281_s0.8,ol2_e256_o281,2,256,281,0.8,0,35,0.0,never
ol2_e299_o320_s0.5,ol2_e299_o320,2,299,320,0.5,0,35,0.0,never
ol2_e299_o320_s0.6,ol2_e299_o320,2,299,320,0.6,0,35,0.0,never
ol2_e299_o320_s0.7,ol2_e299_o320,2,299,320,0.7,0,35,0.0,never
ol2_e342_o367_s0.5,ol2_e342_o367,2,342,367,0.5,0,35,0.0,never
ol2_e342_o367_s0.6,ol2_e342_o367,2,342,367,0.6,0,35,0.0,never
ol2_e342_o367_s0.7,ol2_e342_o367,2,342,367,0.7,0,35,0.0,never
ol2_e342_o367_s0.8,ol2_e342_o367,2,342,367,0.8,0,35,0.0,never
ol2_e384_o408_s0.5,ol2_e384_o408,2,384,408,0.5,0,35,0.0,never
ol2_e384_o408_s0.6,ol2_e384_o408,2,384,408,0.6,0,35,0.0,never
ol2_e384_o408_s0.7,ol2_e384_o408,2,384,408,0.7,0,35,0.0,never
ol2_e384_o408_s0.8,ol2_e384_o408,2,384,408,0.8,0,35,0.0,never
ol2_e427_o448_s0.5,ol2_e427_o448,2,427,448,0.5,0,35,0.0,never
ol2_e427_o448_s0.6,ol2_e427_o448,2,427,448,0.6,0,35,0.0,never
ol2_e427_o448_s0.8,ol2_e427_o448,2,427,448,0.8,0,35,0.0,never
ol2_e42_o63_s0.5,ol2_e42_o63,2,42,63,0.5,0,35,0.0,never
ol2_e42_o63_s0.6,ol2_e42_o63,2,42,63,0.6,0,35,0.0,never
ol2_e470_o490_s0.5,ol2_e470_o490,2,470,490,0.5,0,35,0.0,never
ol2_e470_o490_s0.6,ol2_e470_o490,2,470,490,0.6,0,35,0.0,never
ol2_e470_o490_s0.8,ol2_e470_o490,2,470,490,0.8,0,35,0.0,never
ol2_e513_o534_s0.5,ol2_e513_o534,2,513,534,0.5,0,35,0.0,never
ol2_e513_o534_s0.6,ol2_e513_o534,2,513,534,0.6,0,35,0.0,never
ol2_e513_o534_s0.7,ol2_e513_o534,2,513,534,0.7,0,35,0.0,never
ol2_e513_o534_s0.8,ol2_e513_o534,2,513,534,0.8,0,35,0.0,never
ol2_e556_o578_s0.5,ol2_e556_o578,2,556,578,0.5,0,35,0.0,never
ol2_e556_o578_s0.6,ol2_e556_o578,2,556,578,0.6,0,35,0.0,never
ol2_e556_o578_s0.7,ol2_e556_o578,2,556,578,0.7,0,35,0.0,never
ol2_e556_o578_s0.8,ol2_e556_o578,2,556,578,0.8,0,35,0.0,never
ol2_e598_o620_s0.5,ol2_e598_o620,2,598,620,0.5,0,35,0.0,never
ol2_e598_o620_s0.6,ol2_e598_o620,2,598,620,0.6,0,35,0.0,never
ol2_e598_o620_s0.7,ol2_e598_o620,2,598,620,0.7,0,35,0.0,never
ol2_e598_o620_s0.8,ol2_e598_o620,2,598,620,0.8,0,35,0.0,never
ol2_e641_o661_s0.5,ol2_e641_o661,2,641,661,0.5,0,35,0.0,never
ol2_e641_o661_s0.6,ol2_e641_o661,2,641,661,0.6,0,35,0.0,never
ol2_e641_o661_s0.8,ol2_e641_o661,2,641,661,0.8,0,35,0.0,never
ol2_e684_o702_s0.5,ol2_e684_o702,2,684,702,0.5,0,35,0.0,never
ol2_e684_o702_s0.6,ol2_e684_o702,2,684,702,0.6,0,35,0.0,never
ol2_e684_o702_s0.7,ol2_e684_o702,2,684,702,0.7,0,35,0.0,never
ol2_e727_o745_s0.8,ol2_e727_o745,2,727,745,0.8,0,35,0.0,never
ol2_e769_o796_s0.5,ol2_e769_o796,2,769,796,0.5,0,35,0.0,never
ol2_e769_o796_s0.6,ol2_e769_o796,2,769,796,0.6,0,35,0.0,never
ol2_e769_o796_s0.7,ol2_e769_o796,2,769,796,0.7,0,35,0.0,never
ol2_e769_o796_s0.8,ol2_e769_o796,2,769,796,0.8,0,35,0.0,never
ol2_e812_o839_s0.5,ol2_e812_o839,2,812,839,0.5,0,35,0.0,never
ol2_e812_o839_s0.6,ol2_e812_o839,2,812,839,0.6,0,35,0.0,never
ol2_e812_o839_s0.7,ol2_e812_o839,2,812,839,0.7,0,35,0.0,never
ol2_e812_o839_s0.8,ol2_e812_o839,2,812,839,0.8,0,35,0.0,never
ol2_e855_o882_s0.5,ol2_e855_o882,2,855,882,0.5,0,35,0.0,never
ol2_e855_o882_s0.6,ol2_e855_o882,2,855,882,0.6,0,35,0.0,never
ol2_e855_o882_s0.7,ol2_e855_o882,2,855,882,0.7,0,35,0.0,never
ol2_e85_o106_s0.5,ol2_e85_o106,2,85,106,0.5,0,35,0.0,never
ol2_e85_o106_s0.7,ol2_e85_o106,2,85,106,0.7,0,35,0.0,never
ol2_e898_o925_s0.5,ol2_e898_o925,2,898,925,0.5,0,35,0.0,never
ol2_e898_o925_s0.6,ol2_e898_o925,2,898,925,0.6,0,35,0.0,never
ol2_e898_o925_s0.7,ol2_e898_o925,2,898,925,0.7,0,35,0.0,never
ol2_e941_o968_s0.5,ol2_e941_o968,2,941,968,0.5,0,35,0.0,never
ol2_e941_o968_s0.6,ol2_e941_o968,2,941,968,0.6,0,35,0.0,never
ol2_e941_o968_s0.7,ol2_e941_o968,2,941,968,0.7,0,35,0.0,never
ol2_e941_o968_s0.8,ol2_e941_o968,2,941,968,0.8,0,35,0.0,never
ol2_e983_o1010_s0.5,ol2_e983_o1010,2,983,1010,0.5,0,35,0.0,never
ol2_e983_o1010_s0.6,ol2_e983_o1010,2,983,1010,0.6,0,35,0.0,never
ol2_e983_o1010_s0.7,ol2_e983_o1010,2,983,1010,0.7,0,35,0.0,never
ol2_e983_o1010_s0.8,ol2_e983_o1010,2,983,1010,0.8,0,35,0.0,never
