original_path	new_path
logs/ppo_next_unattended_20260710_230212	Experiments/A0_project_registry
logs/p1_validation_20260710_121955	Experiments/A1_p1_validation
logs/d0_canonical_audit_20260710_121955	Experiments/A2_d0_canonical_audit
logs/d2_representation_20260711_174039	Experiments/A3_d2_representation
logs/d25_counterfactual_20260711	Experiments/A4_d25_counterfactual
logs/d2r_geometry_20260711	Experiments/A5_d2r_geometry
logs/bplus_v22_d3r2_20260711	Experiments/B1_route_r2_scaffold
logs/archive	Experiments/_archive
pretrained/end2race_ppo_full_disc_r8192_seed1_20260709_210827_iter0160.pth	Experiments/A1_p1_validation/models/end2race_ppo_full_disc_r8192_seed1_20260709_210827_iter0160.pth
pretrained/end2race_ppo_full_disc_r8192_seed1_20260709_210827_iter0120.pth	Experiments/A1_p1_validation/models/end2race_ppo_full_disc_r8192_seed1_20260709_210827_iter0120.pth
pretrained/end2race_ppo_full_disc_r8192_seed0_20260709_210827_iter0040.pth	Experiments/A1_p1_validation/models/end2race_ppo_full_disc_r8192_seed0_20260709_210827_iter0040.pth
pretrained/end2race_anchor_baseline_local_seed0_20260705_113917.pth	Experiments/_archive/models/end2race_anchor_baseline_local_seed0_20260705_113917.pth
pretrained/end2race_anchor_baseline_local_seed0_20260705_113917_full.pt	Experiments/_archive/models/end2race_anchor_baseline_local_seed0_20260705_113917_full.pt
pretrained/end2race_bc_20260703_235433.pth	Experiments/_archive/models/end2race_bc_20260703_235433.pth
pretrained/end2race_ppo_branchb_best_canonlike_seed0_iter0080.pth	Experiments/_archive/models/end2race_ppo_branchb_best_canonlike_seed0_iter0080.pth
pretrained/end2race_ppo_d1a_20260704_213800.pth	Experiments/_archive/models/end2race_ppo_d1a_20260704_213800.pth
pretrained/end2race_ppo_d1a_20260704_213800_full.pt	Experiments/_archive/models/end2race_ppo_d1a_20260704_213800_full.pt
pretrained/end2race_ppo_d2_b_seed0_local_20260705_183533.pth	Experiments/_archive/models/end2race_ppo_d2_b_seed0_local_20260705_183533.pth
pretrained/end2race_ppo_d2_b_seed0_local_20260705_183533_full.pt	Experiments/_archive/models/end2race_ppo_d2_b_seed0_local_20260705_183533_full.pt
pretrained/end2race_ppo_d2_c_seed0_local_20260705_201727.pth	Experiments/_archive/models/end2race_ppo_d2_c_seed0_local_20260705_201727.pth
pretrained/end2race_ppo_d2_c_seed0_local_20260705_201727_full.pt	Experiments/_archive/models/end2race_ppo_d2_c_seed0_local_20260705_201727_full.pt
pretrained/end2race_ppo_d2_c_seed0_local_20260705_201727_iter0050.pth	Experiments/_archive/models/end2race_ppo_d2_c_seed0_local_20260705_201727_iter0050.pth
pretrained/end2race_ppo_d2_c_seed0_local_20260705_201727_iter0100.pth	Experiments/_archive/models/end2race_ppo_d2_c_seed0_local_20260705_201727_iter0100.pth
pretrained/end2race_ppo_d2_c_seed0_local_20260705_201727_iter0150.pth	Experiments/_archive/models/end2race_ppo_d2_c_seed0_local_20260705_201727_iter0150.pth
pretrained/end2race_ppo_d2_c_seed0_local_20260705_201727_iter0200.pth	Experiments/_archive/models/end2race_ppo_d2_c_seed0_local_20260705_201727_iter0200.pth
pretrained/end2race_ppo_d2_c_seed0_local_20260705_201727_iter0250.pth	Experiments/_archive/models/end2race_ppo_d2_c_seed0_local_20260705_201727_iter0250.pth
pretrained/end2race_ppo_d2_c_seed0_local_20260705_201727_iter0300.pth	Experiments/_archive/models/end2race_ppo_d2_c_seed0_local_20260705_201727_iter0300.pth
pretrained/end2race_ppo_d2_c_seed2_local_20260706_005227.pth	Experiments/_archive/models/end2race_ppo_d2_c_seed2_local_20260706_005227.pth
pretrained/end2race_ppo_d2_c_seed2_local_20260706_005227_full.pt	Experiments/_archive/models/end2race_ppo_d2_c_seed2_local_20260706_005227_full.pt
pretrained/end2race_ppo_d2_c_seed2_local_20260706_005227_iter0050.pth	Experiments/_archive/models/end2race_ppo_d2_c_seed2_local_20260706_005227_iter0050.pth
pretrained/end2race_ppo_d2_c_seed2_local_20260706_005227_iter0100.pth	Experiments/_archive/models/end2race_ppo_d2_c_seed2_local_20260706_005227_iter0100.pth
pretrained/end2race_ppo_d2_c_seed2_local_20260706_005227_iter0150.pth	Experiments/_archive/models/end2race_ppo_d2_c_seed2_local_20260706_005227_iter0150.pth
pretrained/end2race_ppo_d2_c_seed2_local_20260706_005227_iter0200.pth	Experiments/_archive/models/end2race_ppo_d2_c_seed2_local_20260706_005227_iter0200.pth
pretrained/end2race_ppo_d2_c_seed2_local_20260706_005227_iter0250.pth	Experiments/_archive/models/end2race_ppo_d2_c_seed2_local_20260706_005227_iter0250.pth
pretrained/end2race_ppo_d2_c_seed2_local_20260706_005227_iter0300.pth	Experiments/_archive/models/end2race_ppo_d2_c_seed2_local_20260706_005227_iter0300.pth
pretrained/end2race_ppo_d2_cpot2_seed0_local_20260706_095335.pth	Experiments/_archive/models/end2race_ppo_d2_cpot2_seed0_local_20260706_095335.pth
pretrained/end2race_ppo_d2_cpot2_seed0_local_20260706_095335_full.pt	Experiments/_archive/models/end2race_ppo_d2_cpot2_seed0_local_20260706_095335_full.pt
pretrained/end2race_ppo_d2_cpot2_seed0_local_20260706_095335_iter0050.pth	Experiments/_archive/models/end2race_ppo_d2_cpot2_seed0_local_20260706_095335_iter0050.pth
pretrained/end2race_ppo_d2_cpot2_seed0_local_20260706_095335_iter0100.pth	Experiments/_archive/models/end2race_ppo_d2_cpot2_seed0_local_20260706_095335_iter0100.pth
pretrained/end2race_ppo_d2_cpot2_seed0_local_20260706_095335_iter0150.pth	Experiments/_archive/models/end2race_ppo_d2_cpot2_seed0_local_20260706_095335_iter0150.pth
pretrained/end2race_ppo_d2_cpot2_seed0_local_20260706_095335_iter0200.pth	Experiments/_archive/models/end2race_ppo_d2_cpot2_seed0_local_20260706_095335_iter0200.pth
pretrained/end2race_ppo_d2_cpot2_seed0_local_20260706_095335_iter0250.pth	Experiments/_archive/models/end2race_ppo_d2_cpot2_seed0_local_20260706_095335_iter0250.pth
pretrained/end2race_ppo_d2_cpot2_seed0_local_20260706_095335_iter0300.pth	Experiments/_archive/models/end2race_ppo_d2_cpot2_seed0_local_20260706_095335_iter0300.pth
pretrained/end2race_ppo_d2_cpot_seed0_local_20260706_082506.pth	Experiments/_archive/models/end2race_ppo_d2_cpot_seed0_local_20260706_082506.pth
pretrained/end2race_ppo_d2_cpot_seed0_local_20260706_082506_full.pt	Experiments/_archive/models/end2race_ppo_d2_cpot_seed0_local_20260706_082506_full.pt
pretrained/end2race_ppo_d2_cpot_seed0_local_20260706_082506_iter0050.pth	Experiments/_archive/models/end2race_ppo_d2_cpot_seed0_local_20260706_082506_iter0050.pth
pretrained/end2race_ppo_d2_cpot_seed0_local_20260706_082506_iter0100.pth	Experiments/_archive/models/end2race_ppo_d2_cpot_seed0_local_20260706_082506_iter0100.pth
pretrained/end2race_ppo_d2_cpot_seed0b_local_20260706_143443.pth	Experiments/_archive/models/end2race_ppo_d2_cpot_seed0b_local_20260706_143443.pth
pretrained/end2race_ppo_d2_cpot_seed0b_local_20260706_143443_full.pt	Experiments/_archive/models/end2race_ppo_d2_cpot_seed0b_local_20260706_143443_full.pt
pretrained/end2race_ppo_d2_cpot_seed0b_local_20260706_143443_iter0050.pth	Experiments/_archive/models/end2race_ppo_d2_cpot_seed0b_local_20260706_143443_iter0050.pth
pretrained/end2race_ppo_d2_cpot_seed0b_local_20260706_143443_iter0100.pth	Experiments/_archive/models/end2race_ppo_d2_cpot_seed0b_local_20260706_143443_iter0100.pth
pretrained/end2race_ppo_d2_cpot_seed0b_local_20260706_143443_iter0150.pth	Experiments/_archive/models/end2race_ppo_d2_cpot_seed0b_local_20260706_143443_iter0150.pth
pretrained/end2race_ppo_d2_cpot_seed0b_local_20260706_143443_iter0200.pth	Experiments/_archive/models/end2race_ppo_d2_cpot_seed0b_local_20260706_143443_iter0200.pth
pretrained/end2race_ppo_d2_cpot_seed0b_local_20260706_143443_iter0250.pth	Experiments/_archive/models/end2race_ppo_d2_cpot_seed0b_local_20260706_143443_iter0250.pth
pretrained/end2race_ppo_d2_cpot_seed0b_local_20260706_143443_iter0300.pth	Experiments/_archive/models/end2race_ppo_d2_cpot_seed0b_local_20260706_143443_iter0300.pth
pretrained/end2race_ppo_d2_seed0_local_20260705_164511.pth	Experiments/_archive/models/end2race_ppo_d2_seed0_local_20260705_164511.pth
pretrained/end2race_ppo_d2_seed0_local_20260705_164511_full.pt	Experiments/_archive/models/end2race_ppo_d2_seed0_local_20260705_164511_full.pt
pretrained/end2race_ppo_d4a_seed0_local_20260706_233314.pth	Experiments/_archive/models/end2race_ppo_d4a_seed0_local_20260706_233314.pth
pretrained/end2race_ppo_d4a_seed0_local_20260706_233314_full.pt	Experiments/_archive/models/end2race_ppo_d4a_seed0_local_20260706_233314_full.pt
pretrained/end2race_ppo_d4a_seed0_local_20260706_233314_iter0010.pth	Experiments/_archive/models/end2race_ppo_d4a_seed0_local_20260706_233314_iter0010.pth
pretrained/end2race_ppo_d4a_seed0_local_20260706_233314_iter0020.pth	Experiments/_archive/models/end2race_ppo_d4a_seed0_local_20260706_233314_iter0020.pth
pretrained/end2race_ppo_d4a_seed0_local_20260706_233314_iter0030.pth	Experiments/_archive/models/end2race_ppo_d4a_seed0_local_20260706_233314_iter0030.pth
pretrained/end2race_ppo_d4a_seed0_local_20260706_233314_iter0040.pth	Experiments/_archive/models/end2race_ppo_d4a_seed0_local_20260706_233314_iter0040.pth
pretrained/end2race_ppo_d4a_seed0_local_20260706_233314_iter0050.pth	Experiments/_archive/models/end2race_ppo_d4a_seed0_local_20260706_233314_iter0050.pth
pretrained/end2race_ppo_d4a_seed0_local_20260706_233314_iter0060.pth	Experiments/_archive/models/end2race_ppo_d4a_seed0_local_20260706_233314_iter0060.pth
pretrained/end2race_ppo_d4a_seed0_local_20260706_233314_iter0070.pth	Experiments/_archive/models/end2race_ppo_d4a_seed0_local_20260706_233314_iter0070.pth
pretrained/end2race_ppo_d4a_seed0_local_20260706_233314_iter0080.pth	Experiments/_archive/models/end2race_ppo_d4a_seed0_local_20260706_233314_iter0080.pth
pretrained/end2race_ppo_d4a_seed0_local_20260706_233314_iter0090.pth	Experiments/_archive/models/end2race_ppo_d4a_seed0_local_20260706_233314_iter0090.pth
pretrained/end2race_ppo_d4a_seed0_local_20260706_233314_iter0100.pth	Experiments/_archive/models/end2race_ppo_d4a_seed0_local_20260706_233314_iter0100.pth
pretrained/end2race_ppo_d4a_seed0_local_20260706_233314_iter0110.pth	Experiments/_archive/models/end2race_ppo_d4a_seed0_local_20260706_233314_iter0110.pth
pretrained/end2race_ppo_d4a_seed0_local_20260706_233314_iter0120.pth	Experiments/_archive/models/end2race_ppo_d4a_seed0_local_20260706_233314_iter0120.pth
pretrained/end2race_ppo_d4a_seed0_local_20260706_233314_iter0130.pth	Experiments/_archive/models/end2race_ppo_d4a_seed0_local_20260706_233314_iter0130.pth
pretrained/end2race_ppo_d4a_seed0_local_20260706_233314_iter0140.pth	Experiments/_archive/models/end2race_ppo_d4a_seed0_local_20260706_233314_iter0140.pth
pretrained/end2race_ppo_d4a_seed0_local_20260706_233314_iter0150.pth	Experiments/_archive/models/end2race_ppo_d4a_seed0_local_20260706_233314_iter0150.pth
pretrained/end2race_ppo_d4a_seed0_local_20260706_233314_iter0160.pth	Experiments/_archive/models/end2race_ppo_d4a_seed0_local_20260706_233314_iter0160.pth
pretrained/end2race_ppo_d4a_seed0_local_20260706_233314_iter0170.pth	Experiments/_archive/models/end2race_ppo_d4a_seed0_local_20260706_233314_iter0170.pth
pretrained/end2race_ppo_d4a_seed0_local_20260706_233314_iter0180.pth	Experiments/_archive/models/end2race_ppo_d4a_seed0_local_20260706_233314_iter0180.pth
pretrained/end2race_ppo_d4a_seed0_local_20260706_233314_iter0190.pth	Experiments/_archive/models/end2race_ppo_d4a_seed0_local_20260706_233314_iter0190.pth
pretrained/end2race_ppo_d4a_seed0_local_20260706_233314_iter0200.pth	Experiments/_archive/models/end2race_ppo_d4a_seed0_local_20260706_233314_iter0200.pth
pretrained/end2race_ppo_d4a_seed0_local_20260706_233314_iter0210.pth	Experiments/_archive/models/end2race_ppo_d4a_seed0_local_20260706_233314_iter0210.pth
pretrained/end2race_ppo_d4a_seed0_local_20260706_233314_iter0220.pth	Experiments/_archive/models/end2race_ppo_d4a_seed0_local_20260706_233314_iter0220.pth
pretrained/end2race_ppo_d4a_seed0_local_20260706_233314_iter0230.pth	Experiments/_archive/models/end2race_ppo_d4a_seed0_local_20260706_233314_iter0230.pth
pretrained/end2race_ppo_d4a_seed0_local_20260706_233314_iter0240.pth	Experiments/_archive/models/end2race_ppo_d4a_seed0_local_20260706_233314_iter0240.pth
pretrained/end2race_ppo_d4a_seed0_local_20260706_233314_iter0250.pth	Experiments/_archive/models/end2race_ppo_d4a_seed0_local_20260706_233314_iter0250.pth
pretrained/end2race_ppo_d4a_seed0_local_20260706_233314_iter0260.pth	Experiments/_archive/models/end2race_ppo_d4a_seed0_local_20260706_233314_iter0260.pth
pretrained/end2race_ppo_d4a_seed0_local_20260706_233314_iter0270.pth	Experiments/_archive/models/end2race_ppo_d4a_seed0_local_20260706_233314_iter0270.pth
pretrained/end2race_ppo_d4a_seed0_local_20260706_233314_iter0280.pth	Experiments/_archive/models/end2race_ppo_d4a_seed0_local_20260706_233314_iter0280.pth
pretrained/end2race_ppo_d4a_seed0_local_20260706_233314_iter0290.pth	Experiments/_archive/models/end2race_ppo_d4a_seed0_local_20260706_233314_iter0290.pth
pretrained/end2race_ppo_d4a_seed0_local_20260706_233314_iter0300.pth	Experiments/_archive/models/end2race_ppo_d4a_seed0_local_20260706_233314_iter0300.pth
pretrained/end2race_ppo_d4a_seed0_local_20260707_125155.pth	Experiments/_archive/models/end2race_ppo_d4a_seed0_local_20260707_125155.pth
pretrained/end2race_ppo_d4a_seed0_local_20260707_125155_full.pt	Experiments/_archive/models/end2race_ppo_d4a_seed0_local_20260707_125155_full.pt
pretrained/end2race_ppo_d4a_seed0_local_20260707_125155_iter0010.pth	Experiments/_archive/models/end2race_ppo_d4a_seed0_local_20260707_125155_iter0010.pth
pretrained/end2race_ppo_d4a_seed0_local_20260707_125155_iter0020.pth	Experiments/_archive/models/end2race_ppo_d4a_seed0_local_20260707_125155_iter0020.pth
pretrained/end2race_ppo_d4a_seed0_local_20260707_125155_iter0030.pth	Experiments/_archive/models/end2race_ppo_d4a_seed0_local_20260707_125155_iter0030.pth
pretrained/end2race_ppo_d4a_seed0_local_20260707_125155_iter0040.pth	Experiments/_archive/models/end2race_ppo_d4a_seed0_local_20260707_125155_iter0040.pth
pretrained/end2race_ppo_d4a_seed0_local_20260707_125155_iter0050.pth	Experiments/_archive/models/end2race_ppo_d4a_seed0_local_20260707_125155_iter0050.pth
pretrained/end2race_ppo_d4a_seed0_local_20260707_125155_iter0060.pth	Experiments/_archive/models/end2race_ppo_d4a_seed0_local_20260707_125155_iter0060.pth
pretrained/end2race_ppo_d4a_seed0_local_20260707_125155_iter0070.pth	Experiments/_archive/models/end2race_ppo_d4a_seed0_local_20260707_125155_iter0070.pth
pretrained/end2race_ppo_d4a_seed0_local_20260707_125155_iter0080.pth	Experiments/_archive/models/end2race_ppo_d4a_seed0_local_20260707_125155_iter0080.pth
pretrained/end2race_ppo_d4a_seed0_local_20260707_125155_iter0090.pth	Experiments/_archive/models/end2race_ppo_d4a_seed0_local_20260707_125155_iter0090.pth
pretrained/end2race_ppo_d4a_seed0_local_20260707_125155_iter0100.pth	Experiments/_archive/models/end2race_ppo_d4a_seed0_local_20260707_125155_iter0100.pth
pretrained/end2race_ppo_d4a_seed0_local_20260707_125155_iter0110.pth	Experiments/_archive/models/end2race_ppo_d4a_seed0_local_20260707_125155_iter0110.pth
pretrained/end2race_ppo_d4a_seed0_local_20260707_125155_iter0120.pth	Experiments/_archive/models/end2race_ppo_d4a_seed0_local_20260707_125155_iter0120.pth
pretrained/end2race_ppo_d4a_seed0_local_20260707_125155_iter0130.pth	Experiments/_archive/models/end2race_ppo_d4a_seed0_local_20260707_125155_iter0130.pth
pretrained/end2race_ppo_d4a_seed0_local_20260707_125155_iter0140.pth	Experiments/_archive/models/end2race_ppo_d4a_seed0_local_20260707_125155_iter0140.pth
pretrained/end2race_ppo_d4a_seed0_local_20260707_125155_iter0150.pth	Experiments/_archive/models/end2race_ppo_d4a_seed0_local_20260707_125155_iter0150.pth
pretrained/end2race_ppo_d4a_seed0_local_20260707_125155_iter0160.pth	Experiments/_archive/models/end2race_ppo_d4a_seed0_local_20260707_125155_iter0160.pth
pretrained/end2race_ppo_d4a_seed0_local_20260707_125155_iter0170.pth	Experiments/_archive/models/end2race_ppo_d4a_seed0_local_20260707_125155_iter0170.pth
pretrained/end2race_ppo_d4a_seed0_local_20260707_125155_iter0180.pth	Experiments/_archive/models/end2race_ppo_d4a_seed0_local_20260707_125155_iter0180.pth
pretrained/end2race_ppo_d4a_seed0_local_20260707_125155_iter0190.pth	Experiments/_archive/models/end2race_ppo_d4a_seed0_local_20260707_125155_iter0190.pth
pretrained/end2race_ppo_d4a_seed0_local_20260707_125155_iter0200.pth	Experiments/_archive/models/end2race_ppo_d4a_seed0_local_20260707_125155_iter0200.pth
pretrained/end2race_ppo_d4a_seed0_local_20260707_125155_iter0210.pth	Experiments/_archive/models/end2race_ppo_d4a_seed0_local_20260707_125155_iter0210.pth
pretrained/end2race_ppo_d4a_seed0_local_20260707_125155_iter0220.pth	Experiments/_archive/models/end2race_ppo_d4a_seed0_local_20260707_125155_iter0220.pth
pretrained/end2race_ppo_d4a_seed0_local_20260707_125155_iter0230.pth	Experiments/_archive/models/end2race_ppo_d4a_seed0_local_20260707_125155_iter0230.pth
pretrained/end2race_ppo_d4a_seed0_local_20260707_125155_iter0240.pth	Experiments/_archive/models/end2race_ppo_d4a_seed0_local_20260707_125155_iter0240.pth
pretrained/end2race_ppo_d4a_seed0_local_20260707_125155_iter0250.pth	Experiments/_archive/models/end2race_ppo_d4a_seed0_local_20260707_125155_iter0250.pth
pretrained/end2race_ppo_d4a_seed0_local_20260707_125155_iter0260.pth	Experiments/_archive/models/end2race_ppo_d4a_seed0_local_20260707_125155_iter0260.pth
pretrained/end2race_ppo_d4a_seed0_local_20260707_125155_iter0270.pth	Experiments/_archive/models/end2race_ppo_d4a_seed0_local_20260707_125155_iter0270.pth
pretrained/end2race_ppo_d4a_seed0_local_20260707_125155_iter0280.pth	Experiments/_archive/models/end2race_ppo_d4a_seed0_local_20260707_125155_iter0280.pth
pretrained/end2race_ppo_d4a_seed0_local_20260707_125155_iter0290.pth	Experiments/_archive/models/end2race_ppo_d4a_seed0_local_20260707_125155_iter0290.pth
pretrained/end2race_ppo_d4a_seed0_local_20260707_125155_iter0300.pth	Experiments/_archive/models/end2race_ppo_d4a_seed0_local_20260707_125155_iter0300.pth
pretrained/end2race_ppo_d4c_best_canon_seed0_iter0040.pth	Experiments/_archive/models/end2race_ppo_d4c_best_canon_seed0_iter0040.pth
pretrained/end2race_ppo_d4c_canon_seed0_local_20260707_220843.pth	Experiments/_archive/models/end2race_ppo_d4c_canon_seed0_local_20260707_220843.pth
pretrained/end2race_ppo_d4c_canon_seed0_local_20260707_220843_full.pt	Experiments/_archive/models/end2race_ppo_d4c_canon_seed0_local_20260707_220843_full.pt
pretrained/end2race_ppo_d4c_canon_seed0_local_20260707_220843_iter0010.pth	Experiments/_archive/models/end2race_ppo_d4c_canon_seed0_local_20260707_220843_iter0010.pth
pretrained/end2race_ppo_d4c_canon_seed0_local_20260707_220843_iter0020.pth	Experiments/_archive/models/end2race_ppo_d4c_canon_seed0_local_20260707_220843_iter0020.pth
pretrained/end2race_ppo_d4c_canon_seed0_local_20260707_220843_iter0030.pth	Experiments/_archive/models/end2race_ppo_d4c_canon_seed0_local_20260707_220843_iter0030.pth
pretrained/end2race_ppo_d4c_canon_seed0_local_20260707_220843_iter0040.pth	Experiments/_archive/models/end2race_ppo_d4c_canon_seed0_local_20260707_220843_iter0040.pth
pretrained/end2race_ppo_d4c_canon_seed0_local_20260707_220843_iter0050.pth	Experiments/_archive/models/end2race_ppo_d4c_canon_seed0_local_20260707_220843_iter0050.pth
pretrained/end2race_ppo_d4c_canon_seed0_local_20260707_220843_iter0060.pth	Experiments/_archive/models/end2race_ppo_d4c_canon_seed0_local_20260707_220843_iter0060.pth
pretrained/end2race_ppo_d4c_canon_seed0_local_20260707_220843_iter0070.pth	Experiments/_archive/models/end2race_ppo_d4c_canon_seed0_local_20260707_220843_iter0070.pth
pretrained/end2race_ppo_d4c_canon_seed0_local_20260707_220843_iter0080.pth	Experiments/_archive/models/end2race_ppo_d4c_canon_seed0_local_20260707_220843_iter0080.pth
pretrained/end2race_ppo_d4c_canon_seed0_local_20260707_220843_iter0090.pth	Experiments/_archive/models/end2race_ppo_d4c_canon_seed0_local_20260707_220843_iter0090.pth
pretrained/end2race_ppo_d4c_canon_seed0_local_20260707_220843_iter0100.pth	Experiments/_archive/models/end2race_ppo_d4c_canon_seed0_local_20260707_220843_iter0100.pth
pretrained/end2race_ppo_d4c_canon_seed0_local_20260707_220843_iter0110.pth	Experiments/_archive/models/end2race_ppo_d4c_canon_seed0_local_20260707_220843_iter0110.pth
pretrained/end2race_ppo_d4c_canon_seed0_local_20260707_220843_iter0120.pth	Experiments/_archive/models/end2race_ppo_d4c_canon_seed0_local_20260707_220843_iter0120.pth
pretrained/end2race_ppo_d4c_canon_seed0_local_20260707_220843_iter0130.pth	Experiments/_archive/models/end2race_ppo_d4c_canon_seed0_local_20260707_220843_iter0130.pth
pretrained/end2race_ppo_d4c_canon_seed0_local_20260707_220843_iter0140.pth	Experiments/_archive/models/end2race_ppo_d4c_canon_seed0_local_20260707_220843_iter0140.pth
pretrained/end2race_ppo_d4c_canon_seed0_local_20260707_220843_iter0150.pth	Experiments/_archive/models/end2race_ppo_d4c_canon_seed0_local_20260707_220843_iter0150.pth
pretrained/end2race_ppo_d4c_canon_seed0_local_20260707_220843_iter0160.pth	Experiments/_archive/models/end2race_ppo_d4c_canon_seed0_local_20260707_220843_iter0160.pth
pretrained/end2race_ppo_d4c_canon_seed0_local_20260707_220843_iter0170.pth	Experiments/_archive/models/end2race_ppo_d4c_canon_seed0_local_20260707_220843_iter0170.pth
pretrained/end2race_ppo_d4c_canon_seed0_local_20260707_220843_iter0180.pth	Experiments/_archive/models/end2race_ppo_d4c_canon_seed0_local_20260707_220843_iter0180.pth
pretrained/end2race_ppo_d4c_canon_seed0_local_20260707_220843_iter0190.pth	Experiments/_archive/models/end2race_ppo_d4c_canon_seed0_local_20260707_220843_iter0190.pth
pretrained/end2race_ppo_d4c_canon_seed0_local_20260707_220843_iter0200.pth	Experiments/_archive/models/end2race_ppo_d4c_canon_seed0_local_20260707_220843_iter0200.pth
pretrained/end2race_ppo_d4c_canon_seed0_local_20260707_220843_iter0210.pth	Experiments/_archive/models/end2race_ppo_d4c_canon_seed0_local_20260707_220843_iter0210.pth
pretrained/end2race_ppo_d4c_canon_seed0_local_20260707_220843_iter0220.pth	Experiments/_archive/models/end2race_ppo_d4c_canon_seed0_local_20260707_220843_iter0220.pth
pretrained/end2race_ppo_d4c_canon_seed0_local_20260707_220843_iter0230.pth	Experiments/_archive/models/end2race_ppo_d4c_canon_seed0_local_20260707_220843_iter0230.pth
pretrained/end2race_ppo_d4c_canon_seed0_local_20260707_220843_iter0240.pth	Experiments/_archive/models/end2race_ppo_d4c_canon_seed0_local_20260707_220843_iter0240.pth
pretrained/end2race_ppo_d4c_canon_seed0_local_20260707_220843_iter0250.pth	Experiments/_archive/models/end2race_ppo_d4c_canon_seed0_local_20260707_220843_iter0250.pth
pretrained/end2race_ppo_d4c_wide_seed0_local_20260707_220843.pth	Experiments/_archive/models/end2race_ppo_d4c_wide_seed0_local_20260707_220843.pth
pretrained/end2race_ppo_d4c_wide_seed0_local_20260707_220843_full.pt	Experiments/_archive/models/end2race_ppo_d4c_wide_seed0_local_20260707_220843_full.pt
pretrained/end2race_ppo_d4c_wide_seed0_local_20260707_220843_iter0010.pth	Experiments/_archive/models/end2race_ppo_d4c_wide_seed0_local_20260707_220843_iter0010.pth
pretrained/end2race_ppo_d4c_wide_seed0_local_20260707_220843_iter0020.pth	Experiments/_archive/models/end2race_ppo_d4c_wide_seed0_local_20260707_220843_iter0020.pth
pretrained/end2race_ppo_d4c_wide_seed0_local_20260707_220843_iter0030.pth	Experiments/_archive/models/end2race_ppo_d4c_wide_seed0_local_20260707_220843_iter0030.pth
pretrained/end2race_ppo_d4c_wide_seed0_local_20260707_220843_iter0040.pth	Experiments/_archive/models/end2race_ppo_d4c_wide_seed0_local_20260707_220843_iter0040.pth
pretrained/end2race_ppo_d4c_wide_seed0_local_20260707_220843_iter0050.pth	Experiments/_archive/models/end2race_ppo_d4c_wide_seed0_local_20260707_220843_iter0050.pth
pretrained/end2race_ppo_d4c_wide_seed0_local_20260707_220843_iter0060.pth	Experiments/_archive/models/end2race_ppo_d4c_wide_seed0_local_20260707_220843_iter0060.pth
pretrained/end2race_ppo_d4c_wide_seed0_local_20260707_220843_iter0070.pth	Experiments/_archive/models/end2race_ppo_d4c_wide_seed0_local_20260707_220843_iter0070.pth
pretrained/end2race_ppo_d4c_wide_seed0_local_20260707_220843_iter0080.pth	Experiments/_archive/models/end2race_ppo_d4c_wide_seed0_local_20260707_220843_iter0080.pth
pretrained/end2race_ppo_d4c_wide_seed0_local_20260707_220843_iter0090.pth	Experiments/_archive/models/end2race_ppo_d4c_wide_seed0_local_20260707_220843_iter0090.pth
pretrained/end2race_ppo_d4c_wide_seed0_local_20260707_220843_iter0100.pth	Experiments/_archive/models/end2race_ppo_d4c_wide_seed0_local_20260707_220843_iter0100.pth
pretrained/end2race_ppo_d4c_wide_seed0_local_20260707_220843_iter0110.pth	Experiments/_archive/models/end2race_ppo_d4c_wide_seed0_local_20260707_220843_iter0110.pth
pretrained/end2race_ppo_d4c_wide_seed0_local_20260707_220843_iter0120.pth	Experiments/_archive/models/end2race_ppo_d4c_wide_seed0_local_20260707_220843_iter0120.pth
pretrained/end2race_ppo_d4c_wide_seed0_local_20260707_220843_iter0130.pth	Experiments/_archive/models/end2race_ppo_d4c_wide_seed0_local_20260707_220843_iter0130.pth
pretrained/end2race_ppo_d4c_wide_seed0_local_20260707_220843_iter0140.pth	Experiments/_archive/models/end2race_ppo_d4c_wide_seed0_local_20260707_220843_iter0140.pth
pretrained/end2race_ppo_d4c_wide_seed0_local_20260707_220843_iter0150.pth	Experiments/_archive/models/end2race_ppo_d4c_wide_seed0_local_20260707_220843_iter0150.pth
pretrained/end2race_ppo_d4c_wide_seed0_local_20260707_220843_iter0160.pth	Experiments/_archive/models/end2race_ppo_d4c_wide_seed0_local_20260707_220843_iter0160.pth
pretrained/end2race_ppo_d4c_wide_seed0_local_20260707_220843_iter0170.pth	Experiments/_archive/models/end2race_ppo_d4c_wide_seed0_local_20260707_220843_iter0170.pth
pretrained/end2race_ppo_d4c_wide_seed0_local_20260707_220843_iter0180.pth	Experiments/_archive/models/end2race_ppo_d4c_wide_seed0_local_20260707_220843_iter0180.pth
pretrained/end2race_ppo_d4c_wide_seed0_local_20260707_220843_iter0190.pth	Experiments/_archive/models/end2race_ppo_d4c_wide_seed0_local_20260707_220843_iter0190.pth
pretrained/end2race_ppo_d4c_wide_seed0_local_20260707_220843_iter0200.pth	Experiments/_archive/models/end2race_ppo_d4c_wide_seed0_local_20260707_220843_iter0200.pth
pretrained/end2race_ppo_d4c_wide_seed0_local_20260707_220843_iter0210.pth	Experiments/_archive/models/end2race_ppo_d4c_wide_seed0_local_20260707_220843_iter0210.pth
pretrained/end2race_ppo_d4c_wide_seed0_local_20260707_220843_iter0220.pth	Experiments/_archive/models/end2race_ppo_d4c_wide_seed0_local_20260707_220843_iter0220.pth
pretrained/end2race_ppo_d4c_wide_seed0_local_20260707_220843_iter0230.pth	Experiments/_archive/models/end2race_ppo_d4c_wide_seed0_local_20260707_220843_iter0230.pth
pretrained/end2race_ppo_d4c_wide_seed0_local_20260707_220843_iter0240.pth	Experiments/_archive/models/end2race_ppo_d4c_wide_seed0_local_20260707_220843_iter0240.pth
pretrained/end2race_ppo_d4c_wide_seed0_local_20260707_220843_iter0250.pth	Experiments/_archive/models/end2race_ppo_d4c_wide_seed0_local_20260707_220843_iter0250.pth
pretrained/end2race_ppo_d4c_wide_seed0_local_20260707_220843_iter0260.pth	Experiments/_archive/models/end2race_ppo_d4c_wide_seed0_local_20260707_220843_iter0260.pth
pretrained/end2race_ppo_d4c_wide_seed0_local_20260707_220843_iter0270.pth	Experiments/_archive/models/end2race_ppo_d4c_wide_seed0_local_20260707_220843_iter0270.pth
pretrained/end2race_ppo_d4c_wide_seed0_local_20260707_220843_iter0280.pth	Experiments/_archive/models/end2race_ppo_d4c_wide_seed0_local_20260707_220843_iter0280.pth
pretrained/end2race_ppo_d4c_wide_seed0_local_20260707_220843_iter0290.pth	Experiments/_archive/models/end2race_ppo_d4c_wide_seed0_local_20260707_220843_iter0290.pth
pretrained/end2race_ppo_d4c_wide_seed0_local_20260707_220843_iter0300.pth	Experiments/_archive/models/end2race_ppo_d4c_wide_seed0_local_20260707_220843_iter0300.pth
pretrained/end2race_ppo_ol1alpha_20260704_195702.pth	Experiments/_archive/models/end2race_ppo_ol1alpha_20260704_195702.pth
pretrained/end2race_ppo_ol1alpha_20260704_195702_full.pt	Experiments/_archive/models/end2race_ppo_ol1alpha_20260704_195702_full.pt
pretrained/end2race_ppo_ol1anchor75_20260704_162033.pth	Experiments/_archive/models/end2race_ppo_ol1anchor75_20260704_162033.pth
pretrained/end2race_ppo_ol1anchor75_20260704_162033_full.pt	Experiments/_archive/models/end2race_ppo_ol1anchor75_20260704_162033_full.pt
pretrained/end2race_ppo_ol1credit_20260704_104608.pth	Experiments/_archive/models/end2race_ppo_ol1credit_20260704_104608.pth
pretrained/end2race_ppo_ol1credit_20260704_104608_full.pt	Experiments/_archive/models/end2race_ppo_ol1credit_20260704_104608_full.pt
pretrained/end2race_ppo_ol1credit_resume600_20260704_130847.pth	Experiments/_archive/models/end2race_ppo_ol1credit_resume600_20260704_130847.pth
pretrained/end2race_ppo_ol1credit_resume600_20260704_130847_full.pt	Experiments/_archive/models/end2race_ppo_ol1credit_resume600_20260704_130847_full.pt
pretrained/end2race_ppo_ol1gate_20260704_090713.pth	Experiments/_archive/models/end2race_ppo_ol1gate_20260704_090713.pth
pretrained/end2race_ppo_ol1gate_20260704_090713_full.pt	Experiments/_archive/models/end2race_ppo_ol1gate_20260704_090713_full.pt
pretrained/end2race_ppo_ol1prebc10_20260704_144139.pth	Experiments/_archive/models/end2race_ppo_ol1prebc10_20260704_144139.pth
pretrained/end2race_ppo_ol1prebc10_20260704_144139_full.pt	Experiments/_archive/models/end2race_ppo_ol1prebc10_20260704_144139_full.pt
pretrained/end2race_ppo_privcritic_20260703_235433.pth	Experiments/_archive/models/end2race_ppo_privcritic_20260703_235433.pth
pretrained/end2race_ppo_v1.pth	Experiments/_archive/models/end2race_ppo_v1.pth
pretrained/end2race_ppo_v1_100_20260703_235433.pth	Experiments/_archive/models/end2race_ppo_v1_100_20260703_235433.pth
pretrained/end2race_ppo_v1_100_20260703_235433_full.pt	Experiments/_archive/models/end2race_ppo_v1_100_20260703_235433_full.pt
pretrained/end2race_ppo_v1_full.pt	Experiments/_archive/models/end2race_ppo_v1_full.pt
d2r_cli.py	d2r/cli.py
analyze_paired_eval.py	scripts/analyze_paired_eval.py
d25_cli.py	d25/cli.py
analyze_collisions.py	scripts/analyze_collisions.py
d2_cli.py	d2/cli.py
d0_audit.py	scripts/d0_audit.py
d0_canonical_audit.py	scripts/d0_canonical_audit.py
aggregate_eval.py	scripts/aggregate_eval.py
probe_side_rear_risk.py	scripts/probe_side_rear_risk.py
bplus_v22_cli.py	bplus_v22/cli.py
eval_results/anchor_baseline_local_seed0_20260705_113917_Austin	Experiments/_archive/eval_results/anchor_baseline_local_seed0_20260705_113917_Austin
eval_results/anchor_baseline_local_seed0_off21_20260705_113917_Austin	Experiments/_archive/eval_results/anchor_baseline_local_seed0_off21_20260705_113917_Austin
eval_results/anchor_baseline_local_seed0_off42_20260705_113917_Austin	Experiments/_archive/eval_results/anchor_baseline_local_seed0_off42_20260705_113917_Austin
eval_results/bc_ol1_off63_d2c_validate_20260706_Austin	Experiments/_archive/eval_results/bc_ol1_off63_d2c_validate_20260706_Austin
eval_results/bc_ol1_off84_d2c_validate_20260706_Austin	Experiments/_archive/eval_results/bc_ol1_off84_d2c_validate_20260706_Austin
eval_results/d1a_off21_Austin	Experiments/_archive/eval_results/d1a_off21_Austin
eval_results/d1a_off42_Austin	Experiments/_archive/eval_results/d1a_off42_Austin
eval_results/d2_b_seed0_local_20260705_183533_Austin	Experiments/_archive/eval_results/d2_b_seed0_local_20260705_183533_Austin
eval_results/d2_b_seed0_local_off21_20260705_183533_Austin	Experiments/_archive/eval_results/d2_b_seed0_local_off21_20260705_183533_Austin
eval_results/d2_b_seed0_local_off42_20260705_183533_Austin	Experiments/_archive/eval_results/d2_b_seed0_local_off42_20260705_183533_Austin
eval_results/d2_c_seed0_local_20260705_201727_Austin	Experiments/_archive/eval_results/d2_c_seed0_local_20260705_201727_Austin
eval_results/d2_c_seed0_local_off21_20260705_201727_Austin	Experiments/_archive/eval_results/d2_c_seed0_local_off21_20260705_201727_Austin
eval_results/d2_c_seed0_local_off42_20260705_201727_Austin	Experiments/_archive/eval_results/d2_c_seed0_local_off42_20260705_201727_Austin
eval_results/d2_c_seed2_local_20260706_005227_Austin	Experiments/_archive/eval_results/d2_c_seed2_local_20260706_005227_Austin
eval_results/d2_c_seed2_local_off21_20260706_005227_Austin	Experiments/_archive/eval_results/d2_c_seed2_local_off21_20260706_005227_Austin
eval_results/d2_c_seed2_local_off42_20260706_005227_Austin	Experiments/_archive/eval_results/d2_c_seed2_local_off42_20260706_005227_Austin
eval_results/d2_cpot2_seed0_local_20260706_095335_Austin	Experiments/_archive/eval_results/d2_cpot2_seed0_local_20260706_095335_Austin
eval_results/d2_cpot2_seed0_local_off21_20260706_095335_Austin	Experiments/_archive/eval_results/d2_cpot2_seed0_local_off21_20260706_095335_Austin
eval_results/d2_cpot2_seed0_local_off42_20260706_095335_Austin	Experiments/_archive/eval_results/d2_cpot2_seed0_local_off42_20260706_095335_Austin
eval_results/d2_cpot_seed0b_local_20260706_143443_Austin	Experiments/_archive/eval_results/d2_cpot_seed0b_local_20260706_143443_Austin
eval_results/d2_cpot_seed0b_local_off21_20260706_143443_Austin	Experiments/_archive/eval_results/d2_cpot_seed0b_local_off21_20260706_143443_Austin
eval_results/d2_cpot_seed0b_local_off42_20260706_143443_Austin	Experiments/_archive/eval_results/d2_cpot_seed0b_local_off42_20260706_143443_Austin
eval_results/d2_gate_b_seed0_local_20260705_183533_Austin	Experiments/_archive/eval_results/d2_gate_b_seed0_local_20260705_183533_Austin
eval_results/d2_gate_c_seed0_local_20260705_201727_Austin	Experiments/_archive/eval_results/d2_gate_c_seed0_local_20260705_201727_Austin
eval_results/d2_gate_c_seed2_local_20260706_005227_Austin	Experiments/_archive/eval_results/d2_gate_c_seed2_local_20260706_005227_Austin
eval_results/d2_gate_cpot2_seed0_local_20260706_095335_Austin	Experiments/_archive/eval_results/d2_gate_cpot2_seed0_local_20260706_095335_Austin
eval_results/d2_gate_cpot_seed0b_local_20260706_143443_Austin	Experiments/_archive/eval_results/d2_gate_cpot_seed0b_local_20260706_143443_Austin
eval_results/d2_gate_seed0_local_20260705_164511_Austin	Experiments/_archive/eval_results/d2_gate_seed0_local_20260705_164511_Austin
eval_results/d2_seed0_local_20260705_164511_Austin	Experiments/_archive/eval_results/d2_seed0_local_20260705_164511_Austin
eval_results/d2_seed0_local_off21_20260705_164511_Austin	Experiments/_archive/eval_results/d2_seed0_local_off21_20260705_164511_Austin
eval_results/d2_seed0_local_off42_20260705_164511_Austin	Experiments/_archive/eval_results/d2_seed0_local_off42_20260705_164511_Austin
eval_results/d2bc_smoke_Austin	Experiments/_archive/eval_results/d2bc_smoke_Austin
eval_results/d2c_seed0_off63_validate_20260706_Austin	Experiments/_archive/eval_results/d2c_seed0_off63_validate_20260706_Austin
eval_results/d2c_seed0_off84_validate_20260706_Austin	Experiments/_archive/eval_results/d2c_seed0_off84_validate_20260706_Austin
eval_results/d2zero_smoke_Austin	Experiments/_archive/eval_results/d2zero_smoke_Austin
eval_results/d4a_seed0_local_20260706_233314_iter120_Austin	Experiments/_archive/eval_results/d4a_seed0_local_20260706_233314_iter120_Austin
eval_results/d4a_seed0_local_20260706_233314_iter160_Austin	Experiments/_archive/eval_results/d4a_seed0_local_20260706_233314_iter160_Austin
eval_results/d4a_seed0_local_20260706_233314_iter200_Austin	Experiments/_archive/eval_results/d4a_seed0_local_20260706_233314_iter200_Austin
eval_results/d4a_seed0_local_20260706_233314_iter240_Austin	Experiments/_archive/eval_results/d4a_seed0_local_20260706_233314_iter240_Austin
eval_results/d4a_seed0_local_20260706_233314_iter280_Austin	Experiments/_archive/eval_results/d4a_seed0_local_20260706_233314_iter280_Austin
eval_results/d4a_seed0_local_20260706_233314_iter300_Austin	Experiments/_archive/eval_results/d4a_seed0_local_20260706_233314_iter300_Austin
eval_results/d4a_seed0_local_20260706_233314_iter40_Austin	Experiments/_archive/eval_results/d4a_seed0_local_20260706_233314_iter40_Austin
eval_results/d4a_seed0_local_20260706_233314_iter80_Austin	Experiments/_archive/eval_results/d4a_seed0_local_20260706_233314_iter80_Austin
eval_results/d4a_seed0_local_20260707_125155_iter120_Austin	Experiments/_archive/eval_results/d4a_seed0_local_20260707_125155_iter120_Austin
eval_results/d4a_seed0_local_20260707_125155_iter160_Austin	Experiments/_archive/eval_results/d4a_seed0_local_20260707_125155_iter160_Austin
eval_results/d4a_seed0_local_20260707_125155_iter200_Austin	Experiments/_archive/eval_results/d4a_seed0_local_20260707_125155_iter200_Austin
eval_results/d4a_seed0_local_20260707_125155_iter240_Austin	Experiments/_archive/eval_results/d4a_seed0_local_20260707_125155_iter240_Austin
eval_results/d4a_seed0_local_20260707_125155_iter280_Austin	Experiments/_archive/eval_results/d4a_seed0_local_20260707_125155_iter280_Austin
eval_results/d4a_seed0_local_20260707_125155_iter300_Austin	Experiments/_archive/eval_results/d4a_seed0_local_20260707_125155_iter300_Austin
eval_results/d4a_seed0_local_20260707_125155_iter40_Austin	Experiments/_archive/eval_results/d4a_seed0_local_20260707_125155_iter40_Austin
eval_results/d4a_seed0_local_20260707_125155_iter80_Austin	Experiments/_archive/eval_results/d4a_seed0_local_20260707_125155_iter80_Austin
eval_results/d4c_AUDIT_local_canon_Austin	Experiments/_archive/eval_results/d4c_AUDIT_local_canon_Austin
eval_results/d4c_wide_seed0_local_20260707_220843_iter0040_Austin	Experiments/_archive/eval_results/d4c_wide_seed0_local_20260707_220843_iter0040_Austin
eval_results/d4c_wide_seed0_local_20260707_220843_iter0080_Austin	Experiments/_archive/eval_results/d4c_wide_seed0_local_20260707_220843_iter0080_Austin
eval_results/d4c_wide_seed0_local_20260707_220843_iter0120_Austin	Experiments/_archive/eval_results/d4c_wide_seed0_local_20260707_220843_iter0120_Austin
eval_results/d4c_wide_seed0_local_20260707_220843_iter0160_Austin	Experiments/_archive/eval_results/d4c_wide_seed0_local_20260707_220843_iter0160_Austin
eval_results/d4c_wide_seed0_local_20260707_220843_iter0200_Austin	Experiments/_archive/eval_results/d4c_wide_seed0_local_20260707_220843_iter0200_Austin
eval_results/d4c_wide_seed0_local_20260707_220843_iter0240_Austin	Experiments/_archive/eval_results/d4c_wide_seed0_local_20260707_220843_iter0240_Austin
eval_results/d4c_wide_seed0_local_20260707_220843_iter0280_Austin	Experiments/_archive/eval_results/d4c_wide_seed0_local_20260707_220843_iter0280_Austin
eval_results/d4c_wide_seed0_local_20260707_220843_iter0300_Austin	Experiments/_archive/eval_results/d4c_wide_seed0_local_20260707_220843_iter0300_Austin
eval_results/end2race_Austin	Experiments/_archive/eval_results/end2race_Austin
eval_results/end2race_Austin_original	Experiments/_archive/eval_results/end2race_Austin_original
eval_results/end2race_Austin_version2	Experiments/_archive/eval_results/end2race_Austin_version2
eval_results/end2race_bc_20260703_235433_Austin	Experiments/_archive/eval_results/end2race_bc_20260703_235433_Austin
eval_results/end2race_d1_doublebc_gate_20260704_213800_Austin	Experiments/_archive/eval_results/end2race_d1_doublebc_gate_20260704_213800_Austin
eval_results/end2race_ppo_d1a_20260704_213800_Austin	Experiments/_archive/eval_results/end2race_ppo_d1a_20260704_213800_Austin
eval_results/end2race_ppo_ol1alpha_20260704_195702_Austin	Experiments/_archive/eval_results/end2race_ppo_ol1alpha_20260704_195702_Austin
eval_results/end2race_ppo_ol1anchor75_20260704_162033_Austin	Experiments/_archive/eval_results/end2race_ppo_ol1anchor75_20260704_162033_Austin
eval_results/end2race_ppo_ol1credit_20260704_104608_Austin	Experiments/_archive/eval_results/end2race_ppo_ol1credit_20260704_104608_Austin
eval_results/end2race_ppo_ol1credit_resume600_20260704_130847_Austin	Experiments/_archive/eval_results/end2race_ppo_ol1credit_resume600_20260704_130847_Austin
eval_results/end2race_ppo_ol1gate_20260704_090713_Austin	Experiments/_archive/eval_results/end2race_ppo_ol1gate_20260704_090713_Austin
eval_results/end2race_ppo_ol1prebc10_20260704_144139_Austin	Experiments/_archive/eval_results/end2race_ppo_ol1prebc10_20260704_144139_Austin
eval_results/end2race_ppo_privcritic_20260703_235433_Austin	Experiments/_archive/eval_results/end2race_ppo_privcritic_20260703_235433_Austin
logs/final_model_report_20260710.md	Experiments/A1_p1_validation/final_model_report_20260710.md (logs/ 留兼容符号链接)
logs/p1_final_report_20260710.md	Experiments/A1_p1_validation/p1_final_report_20260710.md (logs/ 留兼容符号链接)
end2race_ppo_refactor_migration_guide.md	docs/end2race_ppo_refactor_migration_guide.md
