iteration	probe_group	standardized_update_norm	b4_global_direction_norm	cosine_with_b4_global_direction	inner_with_b4_global_direction	cosine_with_preupdate_bc_displacement	first_order_bc_displacement_increase	mean_signed_steer_update	mean_signed_speed_update
1	bc_collision	0.0819215811315108	0.6853520120560324	0.14891063010599861	0.008360605264970428	NA	0.0	0.0012829093835383294	0.0020897916207710905
1	bc_overtake	0.07204721781221349	0.6345194701401541	0.1959349851667503	0.008957238867702461	NA	0.0	0.0014319704743726816	-0.000616539487538979
1	bc_follow	0.05901744106237763	0.5837761473294987	0.12811269174778483	0.00441386328508398	NA	0.0	0.001144981611843801	-0.00025748265668367734
1	safe_reference	0.07181600886078499	0.5627547638888225	0.14457440846636674	0.0058429459637480115	NA	0.0	0.0014265929631959156	-0.0002623827600114503
2	bc_collision	0.08199949725279602	0.6853520120560324	-0.3233447868464918	-0.018171498609457645	-0.10274493815503057	-0.0006901920468902048	-0.0003313199767944752	0.002743783096472422
2	bc_overtake	0.06677853127728228	0.6345194701401541	-0.5363900760967623	-0.02272806957250367	-0.31903337160613854	-0.0015349357145263945	-0.0006400987868902221	0.0048619689997176675
2	bc_follow	0.06026741472430034	0.5837761473294987	-0.29010789285842464	-0.010206772921229205	0.0065333610202483895	2.323804530790322e-05	0.00016996994805268541	0.001574554377131992
2	safe_reference	0.047790282865655724	0.5627547638888225	-0.35151730928637864	-0.009453780106181678	-0.12070936018897888	-0.00041428748566679123	-0.00014993309671441923	0.0029783339522192987
3	bc_collision	0.10624266637664598	0.6853520120560324	-0.08060379589700738	-0.0058690545815168966	-0.0023433844543353	-2.733507876974666e-05	-0.0017792318357502759	0.0010764546071489651
3	bc_overtake	0.10371228691287908	0.6345194701401541	-0.1412642264143595	-0.009296240683401305	-0.3356116015167591	-0.002823515019664081	-0.0026900987869919323	-0.00042784961256367416
3	bc_follow	0.09847290462063206	0.5837761473294987	-0.01761862252772982	-0.001012826475717248	-0.4413781114053271	-0.0036782011250335116	-0.002598518876502023	-0.0013780631124973297
3	safe_reference	0.10972736414624774	0.5627547638888225	0.037416219394324796	0.002310436465206247	-0.44246657807349654	-0.003948122186983193	-0.0028711768787177882	-0.002461174363444807
4	bc_collision	0.07620249350008261	0.6853520120560324	0.5000735600326046	0.02611660783383883	0.07501946054301681	0.0008723779376519749	0.0012037725687150669	-0.00127666350454092
4	bc_overtake	0.06985467892853696	0.6345194701401541	0.2830784629219526	0.012547213345159451	-0.4098536331295329	-0.003095440487645383	0.0013459487831052725	-0.0007286601705335037
4	bc_follow	0.06785479784988319	0.5837761473294987	0.3426432888562096	0.013572790229778168	-0.2336966980938968	-0.001545771754796176	0.0014123151911015655	-0.002554480718751239
4	safe_reference	0.08217892479566738	0.5627547638888225	0.3004438996259796	0.013894503266202111	-0.37338509178468493	-0.003182419807310455	0.0018402965699474256	-0.0033410107658783
5	bc_collision	0.072000690274116	0.6853520120560324	-0.20598522513103584	-0.01016450941945633	-0.37880719476743996	-0.004789670613008239	-0.0013259853941841961	-0.0032615411716202898
5	bc_overtake	0.057988083442732485	0.6345194701401541	-0.13680562680516667	-0.005033703935601128	-0.06994248803459062	-0.0004131835935496141	-0.0011620075919546512	-0.00022301399176232297
5	bc_follow	0.054636162202643064	0.5837761473294987	0.020621471698888557	0.0006577277845017039	-0.1559308958207823	-0.0008941355417993715	-0.0011917592555930135	-0.0016662739058080902
5	safe_reference	0.05622766924228441	0.5627547638888225	-0.0438735746814681	-0.0013882647049781593	-0.09269602454915106	-0.0005502452730565373	-0.0012418134369097393	-0.0012272539642754563
6	bc_collision	0.09800423541715936	0.6853520120560324	-0.555488434262505	-0.03731071382235633	0.3001936113147403	0.004784192081888188	-0.0014474760068878822	0.006557833092908064
6	bc_overtake	0.06500685279732704	0.6345194701401541	-0.5349158500781231	-0.02206426985340164	0.2937154086661102	0.0021698295652738736	-0.0006426411056953206	0.004648247341576375
6	bc_follow	0.07919518600119188	0.5837761473294987	-0.669850235241991	-0.030968690619132027	0.04279037126388276	0.00037448484407840186	-0.0012812763348365556	0.008120917898212744
6	safe_reference	0.07014755835400326	0.5627547638888225	-0.5521238740616451	-0.02179557173334501	-0.016844163177772074	-0.00013578535581733946	-0.0007221549935213338	0.007168773015247154
7	bc_collision	0.10523907409999891	0.6853520120560324	0.0030395770837515577	0.00021923196281381768	-0.3560857756596597	-0.008003782827083358	0.001985095031614037	0.006185910198837518
7	bc_overtake	0.1045336582898543	0.6345194701401541	-0.21254626024604734	-0.014097904691626065	-0.26566302226226457	-0.004070103708536276	0.0023130491383720345	0.009650703911718569
7	bc_follow	0.07141076816787267	0.5837761473294987	-0.1749027170768541	-0.007291327524728896	-0.3234789640421714	-0.003203531549989719	0.0010801753519250564	0.00454076056360689
7	safe_reference	0.08758576538785276	0.5627547638888225	-0.25565695395294163	-0.01260115401870806	-0.29430820966847315	-0.0034444594314298332	0.001618336172575258	0.006974600062481176
8	bc_collision	0.04932783522367719	0.6853520120560324	0.057597742106342706	0.0019472029001093873	-0.1359054978709156	-0.0013522125209488698	-0.0002987373603294448	-0.0004066267671684424
8	bc_overtake	0.041740325947371336	0.6345194701401541	-0.22664445545307726	-0.006002689622391984	0.017172674063184564	0.00011166150153838226	-0.0006420801093862957	0.0008788045103612698
8	bc_follow	0.0343911295467513	0.5837761473294987	0.1571379252749636	0.003154814301409951	0.016970869494529882	7.814133250456419e-05	-0.0002079870920659652	-0.0017877696161596186
8	safe_reference	0.04165442684810696	0.5627547638888225	0.06373304093610833	0.0014939806892778395	-0.0871219227963196	-0.0004954338614811038	-0.0004605197524839734	-0.0013047064609183802
9	bc_collision	0.06804590055341564	0.6853520120560324	0.3798846392472417	0.017716070151194457	-0.19591703685992354	-0.0026800183688432057	0.0007264071121729405	-0.0031505886775751906
9	bc_overtake	0.05477006261321907	0.6345194701401541	0.21732946790404417	0.007552779520337753	-0.18145335320006842	-0.0016096455446149315	0.0005732671098692727	-0.0021833777100893487
9	bc_follow	0.0530415206163599	0.5837761473294987	0.10212348571864846	0.0031621898625438	-0.2223673055236304	-0.001637047001639811	0.00030947787050753797	-0.001301144353217549
9	safe_reference	0.049625397336317816	0.5627547638888225	0.1784221445273739	0.0049827825195809285	-0.2690202800991838	-0.0018586102735003015	0.0005109377448303456	-0.0016746774371643638
10	bc_collision	0.04106034758903875	0.6853520120560324	0.22226977113316065	0.006254847360864244	-0.023543918296871344	-0.00019257852718387132	0.00017044471352771023	-0.00446122403567036
10	bc_overtake	0.033252510881516525	0.6345194701401541	0.4445021448730135	0.009378713258156621	-0.044457550720403895	-0.00023843342077244838	0.0005817576806219338	-0.0029535127248157536
10	bc_follow	0.030972870439673346	0.5837761473294987	0.44788217734390495	0.008098257515983085	-0.021418328909295722	-9.096728202455982e-05	0.0003899752957186449	-0.003551469908820259
10	safe_reference	0.032061023668897376	0.5627547638888225	0.3510186609064668	0.006333252014782647	0.02558062368189981	0.0001104223557429702	0.0005222554522181517	-0.0026584103001228137
11	bc_collision	0.008385485819520344	0.6853520120560324	0.11871610772415367	0.0006822626082100517	0.18227245721308402	0.0003094279050951667	0.00014863037881696073	0.0005049818816284338
11	bc_overtake	0.007146441541480531	0.6345194701401541	-0.1471552949846758	-0.0006672839699934732	0.3149753593944691	0.00036740968876798933	0.00013826828937815353	0.0005878820928216677
11	bc_follow	0.006350177809784984	0.5837761473294987	-0.23090224417985986	-0.000855973630892824	0.11366308308883467	0.00010099976085494495	9.137487659167647e-05	0.00048095037221399135
11	safe_reference	0.0065083957555944205	0.5627547638888225	-0.37802259119724346	-0.0013845571541386127	0.2625390248756861	0.00023784952990741143	8.645375707355097e-05	0.0006854660604404897
12	bc_collision	0.0	0.6853520120560324	NA	0.0	NA	0.0	0.0	0.0
12	bc_overtake	0.0	0.6345194701401541	NA	0.0	NA	0.0	0.0	0.0
12	bc_follow	0.0	0.5837761473294987	NA	0.0	NA	0.0	0.0	0.0
12	safe_reference	0.0	0.5627547638888225	NA	0.0	NA	0.0	0.0	0.0
13	bc_collision	0.10457223831359888	0.6853520120560324	0.36309350647404814	0.026022473694054332	-0.2658037979885561	-0.005674254943262793	0.0006890034122382833	-0.0005773524753749371
13	bc_overtake	0.07057388929186113	0.6345194701401541	0.5266032196605914	0.02358155907955671	-0.38701753399273103	-0.0045234692851203115	7.643193665691732e-05	-0.006317190096130845
13	bc_follow	0.057775439208345304	0.5837761473294987	0.19536431431460785	0.0065892326109712185	-0.09071407485325204	-0.0007379106820745792	-0.0002828491019149974	-0.0007455930686914003
13	safe_reference	0.06350846966438392	0.5627547638888225	0.37812592920510474	0.013514104946885404	-0.22121652762168786	-0.0019815875382498426	-0.0001526172541723988	-0.0038159994034098928
14	bc_collision	0.04067707093743322	0.6853520120560324	-0.07563705744641204	-0.002108618389967354	-0.18158317096244178	-0.0015003513358988981	-0.0007863550811938087	-0.004052408039569855
14	bc_overtake	0.03839539415377007	0.6345194701401541	0.36213448505075246	0.008822546714727	-0.22361469800893538	-0.0013122962479190476	-0.000662058756248445	-0.005064924111404614
14	bc_follow	0.03181733763037536	0.5837761473294987	0.34094822970173677	0.006332841556010631	0.11326192603079349	0.0005306771270583526	-0.0006051359798656115	-0.003864908781953347
14	safe_reference	0.03445349988322905	0.5627547638888225	0.4324835315489602	0.008385367485833843	-0.11916251346926165	-0.0005800980369122464	-0.000601268868015492	-0.004267004219705842
15	bc_collision	0.0	0.6853520120560324	NA	0.0	NA	0.0	0.0	0.0
15	bc_overtake	0.0	0.6345194701401541	NA	0.0	NA	0.0	0.0	0.0
15	bc_follow	0.0	0.5837761473294987	NA	0.0	NA	0.0	0.0	0.0
15	safe_reference	0.0	0.5627547638888225	NA	0.0	NA	0.0	0.0	0.0
16	bc_collision	0.060822836770888525	0.6853520120560324	-0.17302427792943906	-0.007212526292648937	-0.1196192459862071	-0.0014535605388589937	-8.867657569074558e-05	0.0010993285104632378
16	bc_overtake	0.03936305651665119	0.6345194701401541	-0.03985264694262163	-0.000995384648392371	-0.17478183153489946	-0.0010253506782321215	-7.566608923436475e-05	-0.00018884632627517853
16	bc_follow	0.03558369066842863	0.5837761473294987	-0.06607242507981982	-0.0013725165295015729	-0.30197679679406025	-0.0016562980925341423	0.0003155540516517303	0.00045489608986764896
16	safe_reference	0.03677198074383624	0.5627547638888225	0.05194641068710238	0.001074958625544749	-0.19824844553144702	-0.0010307350091518688	0.00013982924220532836	-0.00022283705479271256
17	bc_collision	0.045639075084251024	0.6853520120560324	-0.40268658704398225	-0.01259556607958094	0.004690129120453524	4.318720921179896e-05	-0.00020306731137983053	0.0035424355107049146
17	bc_overtake	0.0448409047064771	0.6345194701401541	-0.628989660914727	-0.017896282470659247	0.0026527817066128406	1.752696109897121e-05	-0.000517117100831956	0.0047796503014383256
17	bc_follow	0.0436390080067604	0.5837761473294987	-0.5770396868250386	-0.01470032374344642	0.05207711418070664	0.0003348710235252449	-0.0005520602434343245	0.005048768419740547
17	safe_reference	0.04167370834918462	0.5627547638888225	-0.5660250576774506	-0.01327446374737167	-0.11221328179067666	-0.0006493550621815546	-0.0003785009858608207	0.0046581710443440155
18	bc_collision	0.0	0.6853520120560324	NA	0.0	NA	0.0	0.0	0.0
18	bc_overtake	0.0	0.6345194701401541	NA	0.0	NA	0.0	0.0	0.0
18	bc_follow	0.0	0.5837761473294987	NA	0.0	NA	0.0	0.0	0.0
18	safe_reference	0.0	0.5627547638888225	NA	0.0	NA	0.0	0.0	0.0
19	bc_collision	0.0	0.6853520120560324	NA	0.0	NA	0.0	0.0	0.0
19	bc_overtake	0.0	0.6345194701401541	NA	0.0	NA	0.0	0.0	0.0
19	bc_follow	0.0	0.5837761473294987	NA	0.0	NA	0.0	0.0	0.0
19	safe_reference	0.0	0.5627547638888225	NA	0.0	NA	0.0	0.0	0.0
20	bc_collision	0.06326075217995046	0.6853520120560324	0.07069410824269425	0.0030650055416579195	-0.03300609858401347	-0.00043235073678713957	0.00041788154794630817	0.0024740540732940035
20	bc_overtake	0.049048940166627086	0.6345194701401541	-0.2573079662225837	-0.008008069115124285	0.04391206048747438	0.0003319698738440231	-0.00041487931617421956	0.0020147907324353153
20	bc_follow	0.039606629570828535	0.5837761473294987	-0.08880597690488169	-0.00205331901345948	0.05645593444239861	0.0003484670135627659	5.757614154491522e-05	0.0004555577428167702
20	safe_reference	0.04389699222259398	0.5627547638888225	0.009001916809106303	0.00022237652484114845	-0.15509976117618235	-0.0009560904903788347	-0.00018004417752342716	0.00019530317142661598
21	bc_collision	0.011918179822759282	0.6853520120560324	-0.4423728800131036	-0.003613367385863323	0.20966082028115626	0.0005360052283556588	7.494670353480615e-05	0.0021183636660377187
21	bc_overtake	0.01003385909977745	0.6345194701401541	-0.6007109696259474	-0.003824533891029379	0.13321987232034868	0.00021893318124281631	0.0001010165957608723	0.001647835096333459
21	bc_follow	0.012349140744053836	0.5837761473294987	-0.7535735572333376	-0.005432612607055052	0.03370912933482523	6.78321282946296e-05	5.838256019603414e-05	0.0022781859191819136
21	safe_reference	0.010439164047054994	0.5627547638888225	-0.7106514560054227	-0.004174856503556452	-0.0003405819742309734	-4.994626425537709e-07	6.593196259982437e-05	0.0018039596489120213
22	bc_collision	0.03638891812143183	0.6853520120560324	0.615057710042248	0.015339058467744195	-0.3081109750309993	-0.002436538255254474	0.00020397335636819963	-0.006225871232648689
22	bc_overtake	0.032975972054298974	0.6345194701401541	0.8137779513154377	0.017027405476961036	-0.41707492525722084	-0.0022751104391497325	0.00018522956846862257	-0.005906886219629767
22	bc_follow	0.03236781821542402	0.5837761473294987	0.8232494476809564	0.015555759510836533	-0.2815072423850893	-0.0014927879293243386	4.172200594913527e-05	-0.005869927776292859
22	safe_reference	0.030485465622239936	0.5627547638888225	0.8186838561288614	0.014045210071795967	-0.10766187176615709	-0.00046233338595240225	3.9564955971919094e-05	-0.005568511772449692
23	bc_collision	0.011670190830474056	0.6853520120560324	0.5209184824819285	0.004166404354975903	-0.1480196928694939	-0.00036101986134511505	1.831986537581542e-05	-0.0020035986478130026
23	bc_overtake	0.009815433414993748	0.6345194701401541	0.7530975447737129	0.0046903544750937515	-0.15719685646094952	-0.0002385416870107514	2.755087200312757e-05	-0.0017459805597338758
23	bc_follow	0.01009533492358013	0.5837761473294987	0.7619618257000866	0.00449055780747917	-0.039760273069520756	-6.334206757844112e-05	2.8664003350882907e-05	-0.0018385696009947704
23	safe_reference	0.009402340051137497	0.5627547638888225	0.7693064418043094	0.004070563211511041	0.01795271405727513	2.3780334455107482e-05	1.9198044193647692e-05	-0.0016920761427331658
24	bc_collision	0.0	0.6853520120560324	NA	0.0	NA	0.0	0.0	0.0
24	bc_overtake	0.0	0.6345194701401541	NA	0.0	NA	0.0	0.0	0.0
24	bc_follow	0.0	0.5837761473294987	NA	0.0	NA	0.0	0.0	0.0
24	safe_reference	0.0	0.5627547638888225	NA	0.0	NA	0.0	0.0	0.0
25	bc_collision	0.0	0.6853520120560324	NA	0.0	NA	0.0	0.0	0.0
25	bc_overtake	0.0	0.6345194701401541	NA	0.0	NA	0.0	0.0	0.0
25	bc_follow	0.0	0.5837761473294987	NA	0.0	NA	0.0	0.0	0.0
25	safe_reference	0.0	0.5627547638888225	NA	0.0	NA	0.0	0.0	0.0
26	bc_collision	0.0	0.6853520120560324	NA	0.0	NA	0.0	0.0	0.0
26	bc_overtake	0.0	0.6345194701401541	NA	0.0	NA	0.0	0.0	0.0
26	bc_follow	0.0	0.5837761473294987	NA	0.0	NA	0.0	0.0	0.0
26	safe_reference	0.0	0.5627547638888225	NA	0.0	NA	0.0	0.0	0.0
27	bc_collision	0.08281034588222008	0.6853520120560324	-0.10494514116573221	-0.005956081431499855	-0.21547306954432677	-0.0037040683702463093	0.0003986652579897054	-0.004063892488678297
27	bc_overtake	0.07269890319094746	0.6345194701401541	-0.14448544966727386	-0.006664950457044875	-0.13638651827216758	-0.0015206291581772464	0.0009384835432667801	0.0004907563350528304
27	bc_follow	0.06461878584940375	0.5837761473294987	-0.07492977289637386	-0.0028265687682025274	-0.22724073993468394	-0.0023160666298037693	0.0006346704395061671	-0.0009605355528939485
27	safe_reference	0.05688390432099568	0.5627547638888225	-0.2278068601752005	-0.007292482165273967	-0.3035826214675316	-0.002441184983228221	0.0008244965158630154	0.002056533742821618
28	bc_collision	0.04057667836409056	0.6853520120560324	-0.7481009849965545	-0.020804170826104855	0.014317063988290036	0.0001198228220713402	-0.0005753260593337473	0.006104157927135626
28	bc_overtake	0.045177386962033196	0.6345194701401541	-0.8510494964308019	-0.02439612668478524	0.13332247381349613	0.0009667961828666012	-0.0006681208038220607	0.007350825579368579
28	bc_follow	0.0428404185648594	0.5837761473294987	-0.7903206894470861	-0.019765299645993627	0.12973379427611237	0.0008685421188941142	-0.000678558490504563	0.0068056381379182525
28	safe_reference	0.044154665335277295	0.5627547638888225	-0.7700923079902185	-0.01913544485617267	-0.030214013630409094	-0.0001806535755544838	-0.0007227315563046458	0.006980512891146127
29	bc_collision	0.0	0.6853520120560324	NA	0.0	NA	0.0	0.0	0.0
29	bc_overtake	0.0	0.6345194701401541	NA	0.0	NA	0.0	0.0	0.0
29	bc_follow	0.0	0.5837761473294987	NA	0.0	NA	0.0	0.0	0.0
29	safe_reference	0.0	0.5627547638888225	NA	0.0	NA	0.0	0.0	0.0
30	bc_collision	0.0	0.6853520120560324	NA	0.0	NA	0.0	0.0	0.0
30	bc_overtake	0.0	0.6345194701401541	NA	0.0	NA	0.0	0.0	0.0
30	bc_follow	0.0	0.5837761473294987	NA	0.0	NA	0.0	0.0	0.0
30	safe_reference	0.0	0.5627547638888225	NA	0.0	NA	0.0	0.0	0.0
