iteration	objective	gradient_component	probe_group	parameter_gradient_l2	functional_direction_norm	cosine_with_b4_global_direction	inner_with_b4_global_direction	cosine_with_actual_b5_update	cosine_with_preupdate_bc_displacement	first_order_bc_displacement_increase
1	b5_original	collision	bc_collision	1.5344772414364123	340.9025006604221	-0.27085469479919355	-63.282007347522686	-0.5041098274501963	NA	0.0
1	b5_original	collision	bc_overtake	1.5344772414364123	448.9166761405035	-0.1494386220258618	-42.56704924329967	-0.6413045099475421	NA	0.0
1	b5_original	collision	bc_follow	1.5344772414364123	359.3075494757907	-0.05510461298344338	-11.55847784651824	-0.6259408850522855	NA	0.0
1	b5_original	collision	safe_reference	1.5344772414364123	441.0992084568157	-0.014193749849313828	-3.5233241897139997	-0.64622567142628	NA	0.0
1	b5_original	overtake	bc_collision	1.266555689520765	563.5359146860228	-0.3448342543258235	-133.1820488109088	-0.5036230071272436	NA	0.0
1	b5_original	overtake	bc_overtake	1.266555689520765	708.1246311991232	-0.2065990843804398	-92.82886626534861	-0.6477938004904256	NA	0.0
1	b5_original	overtake	bc_follow	1.266555689520765	568.668444331286	-0.11456767074250337	-38.033610920000676	-0.6250271028523214	NA	0.0
1	b5_original	overtake	safe_reference	1.266555689520765	668.6877936771268	-0.0722722842316777	-27.19658391223177	-0.6558845909528654	NA	0.0
1	b5_original	follow	bc_collision	0.05279709653064599	26.70103938786575	0.39615896831238184	7.249555041399418	0.4983086198864602	NA	0.0
1	b5_original	follow	bc_overtake	0.05279709653064599	33.274442198854615	0.26881311479902026	5.675526945693916	0.6555984556993284	NA	0.0
1	b5_original	follow	bc_follow	0.05279709653064599	26.951890833023977	0.17884859202676054	2.8139806743625124	0.6310185697526158	NA	0.0
1	b5_original	follow	safe_reference	0.05279709653064599	31.444988477378516	0.1381525045398683	2.444721447557452	0.6644828648231281	NA	0.0
1	b5_original	all	bc_collision	2.4763461002968565	875.9226695634412	-0.31519182973556187	-189.2144979946287	-0.5050178519879158	NA	0.0
1	b5_original	all	bc_overtake	2.4763461002968565	1122.5693697552015	-0.1821168345850742	-129.72038650254953	-0.6456584084351886	NA	0.0
1	b5_original	all	bc_follow	2.4763461002968565	900.0329942852253	-0.08903030713981676	-46.77810756526141	-0.6259007502617892	NA	0.0
1	b5_original	all	safe_reference	2.4763461002968565	1077.2558692161701	-0.04664095361088669	-28.275185993765326	-0.6523399017817373	NA	0.0
1	opened_austin_prevalence	collision	bc_collision	0.267518798070288	56.472705188639615	0.47969460517437845	18.56594751684085	0.4781054282348554	NA	0.0
1	opened_austin_prevalence	collision	bc_overtake	0.267518798070288	66.25682311062373	0.3543349470427485	14.896682070285815	0.6515940953999506	NA	0.0
1	opened_austin_prevalence	collision	bc_follow	0.267518798070288	53.41470713301798	0.26545800912581297	8.277573211116508	0.6152361319453027	NA	0.0
1	opened_austin_prevalence	collision	safe_reference	0.267518798070288	59.1935515569675	0.23882238734210567	7.9555207623847455	0.6652333862766311	NA	0.0
1	opened_austin_prevalence	overtake	bc_collision	4.5810067809265975	2329.29589770285	-0.37132946055129257	-592.785757539744	-0.5020669356636467	NA	0.0
1	opened_austin_prevalence	overtake	bc_overtake	4.5810067809265975	2907.9202180210445	-0.24063154678304505	-443.9969662039879	-0.6515204997812691	NA	0.0
1	opened_austin_prevalence	overtake	bc_follow	4.5810067809265975	2350.883450727615	-0.148581017989342	-203.91105628020298	-0.6280263159820709	NA	0.0
1	opened_austin_prevalence	overtake	safe_reference	4.5810067809265975	2744.248349050277	-0.10773856486140335	-166.38484938947312	-0.6596665925560065	NA	0.0
1	opened_austin_prevalence	follow	bc_collision	0.5755125162409982	190.09558470171027	0.3307919168941599	43.09636200804143	0.512670070031569	NA	0.0
1	opened_austin_prevalence	follow	bc_overtake	0.5755125162409982	224.37519797720873	0.18517009170852833	26.362745900599172	0.6331724302154391	NA	0.0
1	opened_austin_prevalence	follow	bc_follow	0.5755125162409982	190.93265971201907	0.08775344597271852	9.781168670429974	0.6179100548979967	NA	0.0
1	opened_austin_prevalence	follow	safe_reference	0.5755125162409982	209.72162879729754	0.05056698876913715	5.968009345832708	0.6442007003678252	NA	0.0
1	opened_austin_prevalence	all	bc_collision	4.178797858145736	2085.601810883465	-0.37157833438823906	-531.123443081714	-0.5010574004175978	NA	0.0
1	opened_austin_prevalence	all	bc_overtake	4.178797858145736	2620.0944361024904	-0.24224800518293768	-402.7375347098265	-0.6523920862117807	NA	0.0
1	opened_austin_prevalence	all	bc_follow	4.178797858145736	2108.4997060343653	-0.1509899635494733	-185.85231330514642	-0.6286815178863638	NA	0.0
1	opened_austin_prevalence	all	safe_reference	4.178797858145736	2478.0108361799475	-0.10932948143610767	-152.46131787931427	-0.6601297195647342	NA	0.0
2	b5_original	collision	bc_collision	0.8843250749691505	336.27870208981494	0.3272855283472801	75.4292617381228	-0.1166220383691337	0.5045461003818773	13.899479657002523
2	b5_original	collision	bc_overtake	0.8843250749691505	407.79894522315516	0.19085873632883454	49.38591391866663	-0.25314360364482974	0.6375860498126961	18.732775097245103
2	b5_original	collision	bc_follow	0.8843250749691505	340.0530857389502	0.0975192644985512	19.35902511694227	0.08786212695016471	0.6203868740298144	12.450583225576839
2	b5_original	collision	safe_reference	0.8843250749691505	383.6720028911158	0.057748024751930783	12.468563554994532	-0.16088956895680787	0.6488130666285715	17.877260258335426
2	b5_original	overtake	bc_collision	5.839183842996606	2855.3539874043063	0.4177035475207988	817.4135124106048	-0.15922983929080636	0.4949553282353108	115.77753170157045
2	b5_original	overtake	bc_overtake	5.839183842996606	3529.407865530206	0.29343714281899086	657.1460282920132	-0.3110288068818819	0.6572667084942337	167.13241903139294
2	b5_original	overtake	bc_follow	5.839183842996606	2856.8535334538587	0.2020211985690007	336.9234699353168	0.05925438105054279	0.628790766925284	106.01675481462956
2	b5_original	overtake	safe_reference	5.839183842996606	3333.4238559499677	0.16286959519326671	305.527098867265	-0.21737770837143386	0.663531110473079	158.84483396166308
2	b5_original	follow	bc_collision	0.16951067121119362	80.43438223689452	-0.44046190076290725	-24.280843589422297	0.17458013548294157	-0.4941250024434295	-3.255943694542048
2	b5_original	follow	bc_overtake	0.16951067121119362	99.69332734470602	-0.3176604699232463	-20.094361828000388	0.3301202289740646	-0.6599096360520366	-4.7398846834340125
2	b5_original	follow	bc_follow	0.16951067121119362	80.36623909153029	-0.22947409389002377	-10.765982134398431	-0.04540268243620146	-0.6312710045833969	-2.9941245479314746
2	b5_original	follow	safe_reference	0.16951067121119362	94.11530760286676	-0.18800161069000224	-9.957286797498412	0.23010882396179275	-0.6644403427164908	-4.49094281794171
2	b5_original	all	bc_collision	6.218821108790688	3107.734640834464	0.40779619625420216	868.5619331188391	-0.15439954613842521	0.49656625061624493	126.42106766273135
2	b5_original	all	bc_overtake	6.218821108790688	3834.003352901911	0.28216530488368485	686.4375822504442	-0.3046602524521322	0.6557064229875172	181.12530961127345
2	b5_original	all	bc_follow	6.218821108790688	3113.9456475544325	0.19006906316127084	345.516512967194	0.0627853071559238	0.6283329726833893	115.47321389529554
2	b5_original	all	safe_reference	6.218821108790688	3619.8020734431702	0.15121707071373028	308.03837629092703	-0.21125025175067805	0.6625301034410747	172.23115196235028
2	opened_austin_prevalence	collision	bc_collision	0.09073859475664135	32.04226165984919	0.3112061569687532	6.8341583174550555	-0.11086127019486476	0.5046826235849903	1.3247680347036175
2	opened_austin_prevalence	collision	bc_overtake	0.09073859475664135	38.89373978861104	0.1736341549664167	4.2850886889855015	-0.24402898398720543	0.6342427337639615	1.777265945572238
2	opened_austin_prevalence	collision	bc_follow	0.09073859475664135	32.47221693600805	0.08003851500188755	1.5172505657047841	0.09155080587677335	0.6180543256971436	1.1844560894376026
2	opened_austin_prevalence	collision	safe_reference	0.09073859475664135	36.61668198647458	0.0398506890067397	0.8211717550128739	-0.1533932398029757	0.645731801276442	1.6980576443466902
2	opened_austin_prevalence	overtake	bc_collision	8.886233961607541	4352.576652288763	0.4170802586409347	1244.1700836477562	-0.15927826738546244	0.49505931849484536	176.52328206245326
2	opened_austin_prevalence	overtake	bc_overtake	8.886233961607541	5381.918018957175	0.2925762942587985	999.1280823332067	-0.3108406562697356	0.6572838109496727	254.86325670757725
2	opened_austin_prevalence	overtake	bc_follow	8.886233961607541	4355.059192339753	0.20119091253986032	511.50368717726724	0.059165163330487394	0.6288672536119279	161.63425948397312
2	opened_austin_prevalence	overtake	safe_reference	8.886233961607541	5083.511436611994	0.16191422014721696	463.1993886210341	-0.21714720742080781	0.6635312300114722	242.24032420081713
2	opened_austin_prevalence	follow	bc_collision	0.13413785746141677	66.72024574122655	-0.4219934403200516	-19.29643271451707	0.16423089931630078	-0.4947564537269781	-2.704253690134722
2	opened_austin_prevalence	follow	bc_overtake	0.13413785746141677	83.16256197494673	-0.3012853240685651	-15.898303748704517	0.3184014386130992	-0.6572710191915407	-3.9381255562432504
2	opened_austin_prevalence	follow	bc_follow	0.13413785746141677	67.1553778164891	-0.21112849341953224	-8.27701975037432	-0.05399800398426529	-0.6296414998265447	-2.4954824303945355
2	opened_austin_prevalence	follow	safe_reference	0.13413785746141677	78.56723464373844	-0.1710588015117199	-7.563208489479736	0.2223539620355967	-0.6626789299251545	-3.7390897993791263
2	opened_austin_prevalence	all	bc_collision	8.80729839525584	4317.447072463909	0.416262204661718	1231.707807832431	-0.15885905891647026	0.49518719992930776	175.1437959951509
2	opened_austin_prevalence	all	bc_overtake	8.80729839525584	5337.17875933242	0.29159961161675507	987.5148680048975	-0.31026336675722577	0.6571740380629558	252.7023972001829
2	opened_austin_prevalence	all	bc_follow	8.80729839525584	4320.02129895735	0.20014228825364488	504.7439184169462	0.05949377842041082	0.628825578909599	160.32323310064695
2	opened_austin_prevalence	all	safe_reference	8.80729839525584	5041.132545057119	0.16089883869077554	456.457351496815	-0.2166214276019182	0.6634716049451014	240.1992919784562
3	b5_original	collision	bc_collision	28.431562239571257	10033.491065735598	-0.41916014083100006	-2882.3435125933465	0.6471909720541241	-0.2257891949918959	-248.7327932380207
3	b5_original	collision	bc_overtake	28.431562239571257	12338.688152483332	-0.2939337571782732	-2301.2479092249528	0.8806250354891115	-0.2959018175328797	-296.16896459607324
3	b5_original	collision	bc_follow	28.431562239571257	10013.710371219217	-0.20992740692277265	-1227.186342717554	0.8877500081132612	-0.44113627553512896	-373.8313600061703
3	b5_original	collision	safe_reference	28.431562239571257	11549.644437759769	-0.15377192611365229	-999.4586909932806	0.8942827639091462	-0.4552827236593688	-427.60714324072717
3	b5_original	overtake	bc_collision	1.4187162096560975	667.5835053553699	0.34663751848750335	158.59695936075593	-0.6481110028720919	0.27054283896233816	19.82985160008863
3	b5_original	overtake	bc_overtake	1.4187162096560975	841.4313625918898	0.21448694137060328	114.51556085223976	-0.8804718043010313	0.34894824613915665	23.817854699243178
3	b5_original	overtake	bc_follow	1.4187162096560975	674.8927459620003	0.12174299283438308	47.96506972705628	-0.8924517679333138	0.4874704239902364	27.841393198689126
3	b5_original	overtake	safe_reference	1.4187162096560975	795.4982939383518	0.08041100717557062	35.99763213546209	-0.9041417898518606	0.4696880405137369	30.38392819412627
3	b5_original	follow	bc_collision	0.8030304601607763	417.9654681642541	-0.3765530892130034	-107.86494076750924	0.6480168151994584	-0.26581686164776647	-12.198340503456967
3	b5_original	follow	bc_overtake	0.8030304601607763	519.5637043734781	-0.24457894230543073	-80.6311436948292	0.8816702875452751	-0.3433858883967289	-14.472520536218717
3	b5_original	follow	bc_follow	0.8030304601607763	422.5488502463483	-0.15219152850772782	-37.54168394960485	0.8922274987398274	-0.48989838991555135	-17.518256016473288
3	b5_original	follow	safe_reference	0.8030304601607763	491.99041786482877	-0.11177519073118752	-30.947191630061884	0.9030210821608557	-0.47055865674536523	-18.826326152345906
3	b5_original	all	bc_collision	28.14351707902366	9787.207076364739	-0.42214455534291945	-2831.6114615272436	0.6469430092080907	-0.22436903166808606	-241.10127901521753
3	b5_original	all	bc_overtake	28.14351707902366	12020.331240049543	-0.2972759380645909	-2267.363476827679	0.8804237313227471	-0.29415454339602837	-286.82362646734055
3	b5_original	all	bc_follow	28.14351707902366	9764.669378707864	-0.21345291344814696	-1216.7629471238072	0.8873185067915669	-0.4398947312167019	-363.5082199420052
3	b5_original	all	safe_reference	28.14351707902366	11248.388324284399	-0.15709242171229396	-994.4082433562305	0.8937886938997353	-0.4548409681086862	-416.04953655635234
3	opened_austin_prevalence	collision	bc_collision	8.193714098200171	2873.2455622031725	-0.420534859274173	-828.1107800789541	0.6468892709878253	-0.2251145118244419	-71.01564901404019
3	opened_austin_prevalence	collision	bc_overtake	8.193714098200171	3531.5161285068543	-0.2953933259704113	-661.9220151087068	0.88046530119451	-0.2950701756450404	-84.52972099235629
3	opened_austin_prevalence	collision	bc_follow	8.193714098200171	2866.175566010646	-0.21155870648743322	-353.9810705724945	0.887466774888381	-0.44041463047309376	-106.82489129396683
3	opened_austin_prevalence	collision	safe_reference	8.193714098200171	3304.563661128855	-0.15527051113758547	-288.7501946016514	0.8939435052657342	-0.45496829383573495	-122.26169755063503
3	opened_austin_prevalence	overtake	bc_collision	1.53747370337941	424.6047842144637	0.25025380094168087	72.82479282155431	-0.6478373140345466	0.27793786911190993	12.957178159275038
3	opened_austin_prevalence	overtake	bc_overtake	1.53747370337941	549.110204812673	0.10998237114085538	38.320180515911154	-0.874102062386159	0.3600464643236327	16.0376596098888
3	opened_austin_prevalence	overtake	bc_follow	1.53747370337941	429.5188943127097	0.01599953837102707	4.011770415052974	-0.8900925686698659	0.4746344723038411	17.25239857620953
3	opened_austin_prevalence	overtake	safe_reference	1.53747370337941	523.112275183786	-0.0278186335391358	-8.189358526839147	-0.9043996419538048	0.4690776610662893	19.95422332871925
3	opened_austin_prevalence	follow	bc_collision	0.875852196081909	395.66644523349026	0.33589763412458107	91.08562826377599	-0.6493517944029817	0.27300557138633247	11.859832481162137
3	opened_austin_prevalence	follow	bc_overtake	0.875852196081909	496.31273137867885	0.19336995544489516	60.89608403077236	-0.8830535894668653	0.35629909259544473	14.344752465563563
3	opened_austin_prevalence	follow	bc_follow	0.875852196081909	399.1134661193276	0.09977075045569951	23.245878638744657	-0.8948278767117525	0.4901525562463023	16.55524398382226
3	opened_austin_prevalence	follow	safe_reference	0.875852196081909	469.73208925972233	0.058142626299969406	15.369652719477216	-0.9074204859981586	0.4760298549321819	18.18358818070218
3	opened_austin_prevalence	all	bc_collision	7.467593832652451	2075.633173551148	-0.4669117589640856	-664.200360275112	0.6391640928175284	-0.20272193716462367	-46.198638219561374
3	opened_austin_prevalence	all	bc_overtake	7.467593832652451	2511.2128258623197	-0.35314485324301165	-562.7057524844238	0.8725378818506421	-0.26580945936197675	-54.14730914842855
3	opened_austin_prevalence	all	bc_follow	7.467593832652451	2059.8381503074193	-0.2717069985112016	-326.72342151293697	0.8758873402118346	-0.4188749975563498	-73.01724930925005
3	opened_austin_prevalence	all	safe_reference	7.467593832652451	2331.533479033592	-0.21459786309561088	-281.56990166400516	0.8812852891028732	-0.44369292674300265	-84.12388629833933
4	b5_original	collision	bc_collision	2.7582604655307428	1060.54700208718	0.4275004845099121	310.72788146766015	0.45613817138541846	-0.23090333454435918	-37.36987797605076
4	b5_original	collision	bc_overtake	2.7582604655307428	1272.6007629458782	0.31075539480305936	250.9318618800257	0.6529752285601816	-0.5808918490410956	-79.92554945319273
4	b5_original	collision	bc_follow	2.7582604655307428	1061.9937629530777	0.21664222249473156	134.3109480378512	0.6784134889669219	-0.46081603203361354	-47.70476669780526
4	b5_original	collision	safe_reference	2.7582604655307428	1185.1994219834894	0.18510548587940376	123.46103147810041	0.7397884819067033	-0.5664008965331805	-69.6234281323863
4	b5_original	overtake	bc_collision	0.5122181172325875	94.94066990254828	0.5819116824126468	37.863700832341166	0.48503456169913933	-0.2756591169296503	-3.993799025693372
4	b5_original	overtake	bc_overtake	0.5122181172325875	118.85852682631923	0.5083242964236161	38.33682693116259	0.6550491175977726	-0.6145073217606363	-7.896880637734641
4	b5_original	overtake	bc_follow	0.5122181172325875	93.04104888779837	0.43419834339773755	23.583546007855524	0.6998769066984293	-0.46505346250802404	-4.2178362014395265
4	b5_original	overtake	safe_reference	0.5122181172325875	108.62777949987064	0.40350325948752197	24.666477218182596	0.7668759079958485	-0.548907649181077	-6.184152990888422
4	b5_original	follow	bc_collision	1.6836096909415545	858.8723621147424	0.42177307641072925	248.26824441231005	0.45160212238941516	-0.2657701622510173	-34.83344304446135
4	b5_original	follow	bc_overtake	1.6836096909415545	1061.6402099478046	0.2981388271910038	200.83567063442044	0.6665406314272005	-0.5966670181804683	-68.48690809200593
4	b5_original	follow	bc_follow	1.6836096909415545	864.981280445234	0.20679182878058613	104.42065876839251	0.6803528596139018	-0.47439716005253174	-40.00009468191296
4	b5_original	follow	safe_reference	1.6836096909415545	1001.9235083697564	0.16829302666768847	94.88987354492355	0.7484822777173564	-0.5845547752297515	-60.743501045332195
4	b5_original	all	bc_collision	4.4371230610239065	2008.7565154841907	0.43354218021965535	596.8598257870788	0.4568368781974717	-0.24857056676520561	-76.19711975108085
4	b5_original	all	bc_overtake	4.4371230610239065	2447.2693343355118	0.315618056898444	490.1043565132507	0.6605162949013244	-0.5907517058018423	-156.30933711234886
4	b5_original	all	bc_follow	4.4371230610239065	2015.5093408118594	0.22294216548925355	262.3151515201028	0.6817535527028872	-0.46787055366857516	-91.92269703906348
4	b5_original	all	safe_reference	4.4371230610239065	2290.2116628616795	0.18855694563084793	243.01738129294012	0.7466658717796992	-0.5748830198137018	-136.55108126244227
4	opened_austin_prevalence	collision	bc_collision	0.7431673915884915	325.0668748458722	0.4184644116009578	93.22769300092371	0.45309474543374667	-0.23883906283193876	-11.847852226972538
4	opened_austin_prevalence	collision	bc_overtake	0.7431673915884915	393.7934905435204	0.2978319662499069	74.41916528323276	0.6564988882700071	-0.5841504086141774	-24.8708934206742
4	opened_austin_prevalence	collision	bc_follow	0.7431673915884915	326.10271114310774	0.204591836810867	38.94834936260113	0.6764199026503694	-0.46534029024694046	-14.792354150507336
4	opened_austin_prevalence	collision	safe_reference	0.7431673915884915	368.08854245973095	0.17028775452656722	35.27401523938329	0.7402585899858628	-0.5722071327640588	-21.844675952245574
4	opened_austin_prevalence	overtake	bc_collision	1.0212181201792836	252.55569444661893	0.4492826460740979	77.76613253471464	0.43975299610829893	-0.24794460471879815	-9.555939289660733
4	opened_austin_prevalence	overtake	bc_overtake	1.0212181201792836	314.73453068781646	0.35316995580661464	70.52987229558735	0.6504321976737027	-0.6013497504082742	-20.463018520388065
4	opened_austin_prevalence	overtake	bc_follow	1.0212181201792836	250.77978791603886	0.2709340682861762	39.66454667719589	0.6728034507494838	-0.4771892406175893	-11.66528634374791
4	opened_austin_prevalence	overtake	safe_reference	1.0212181201792836	292.40931517297156	0.22973806639648806	37.804486662638624	0.7412586248964904	-0.5728209966877705	-17.372014072857453
4	opened_austin_prevalence	follow	bc_collision	0.7552069864723455	308.64220020240236	0.4558338524680362	96.4218751818309	0.4675651165642948	-0.2847615023190148	-13.41214179128604
4	opened_austin_prevalence	follow	bc_overtake	0.7552069864723455	380.2151428965015	0.3292430629846065	79.43117661793198	0.6755228524599566	-0.608676544570741	-25.02154628430814
4	opened_austin_prevalence	follow	bc_follow	0.7552069864723455	309.6382024038269	0.24104567161905152	43.57127021885997	0.6943003871314143	-0.47674505858238203	-14.389740693207855
4	opened_austin_prevalence	follow	safe_reference	0.7552069864723455	361.155179677955	0.20055341295131568	40.76083621656679	0.7627095651364016	-0.586546907624914	-21.970332903488
4	opened_austin_prevalence	all	bc_collision	2.040209103930177	882.2757632834155	0.4422510351305311	267.4156988223335	0.45638626359037904	-0.25859024441310324	-34.81593316807284
4	opened_austin_prevalence	all	bc_overtake	2.040209103930177	1085.7137302404833	0.32570488490195115	224.3802125630219	0.6632341970362509	-0.5993552235699816	-70.35545782154801
4	opened_austin_prevalence	all	bc_follow	2.040209103930177	884.3717446711668	0.23666482937227407	122.18416552958297	0.6832983912796219	-0.47382407935934706	-40.84738099000293
4	opened_austin_prevalence	all	safe_reference	2.040209103930177	1019.1765987675083	0.1984831918477342	113.83933725411227	0.750299936329923	-0.5788550631741621	-61.187022494028255
5	b5_original	collision	bc_collision	1.456106204488272	497.76685924209926	-0.44213362987955573	-150.8319064187923	0.5373369164901384	0.05774403835226684	5.047588013183402
5	b5_original	collision	bc_overtake	1.456106204488272	617.1615062769406	-0.3305090140361011	-129.42765774619102	0.6606169954706504	0.18370087177174751	11.549768613576624
5	b5_original	collision	bc_follow	1.456106204488272	503.9355567789093	-0.2378216027566953	-69.96368087308105	0.7094440716140188	-0.0027176101488196555	-0.14373189682384213
5	b5_original	collision	safe_reference	1.456106204488272	584.9397902897347	-0.19966866579979475	-65.72646290016313	0.6858589106089312	-0.008157132746781834	-0.5037253705201996
5	b5_original	overtake	bc_collision	1.7107514745200674	805.2048692595085	-0.37795088119792747	-208.57173165504804	0.5683162503634024	0.02800349180045059	3.9597644186616545
5	b5_original	overtake	bc_overtake	1.7107514745200674	996.9446781178713	-0.2374757047391547	-150.22257340236115	0.6592758292940637	0.16517608144652982	16.775731030705188
5	b5_original	overtake	bc_follow	1.7107514745200674	802.7801316739487	-0.1447653223239515	-67.84338414151864	0.7246387176568482	0.012822584143381825	1.0803467551455643
5	b5_original	overtake	safe_reference	1.7107514745200674	936.708734521483	-0.10446391919189661	-55.06682859523667	0.6978506127872804	-0.0008517749207050515	-0.08423150270035301
5	b5_original	follow	bc_collision	1.7049790237120688	857.3164681123044	0.422522164742951	248.25862999499668	-0.5449330670204785	-0.03971475372796025	-5.979210025909723
5	b5_original	follow	bc_overtake	1.7049790237120688	1054.1576338735829	0.2971073543524408	198.73021991667846	-0.6594355988056109	-0.1795988174087717	-19.28733691503549
5	b5_original	follow	bc_follow	1.7049790237120688	855.678742887689	0.20738311697428882	103.59301829930274	-0.7151622168499545	-0.005404476176420513	-0.48535035180600644
5	b5_original	follow	safe_reference	1.7049790237120688	993.5250311148698	0.16667466465714237	93.189629147788	-0.6931929185754963	0.003822720690104689	0.40095580950269083
5	b5_original	all	bc_collision	1.689185135699919	446.4782115496537	-0.36322521798546864	-111.14500636582594	0.5776304952214683	0.03862115198237501	3.0281421773830823
5	b5_original	all	bc_overtake	1.689185135699919	559.9020538761243	-0.22777125794910197	-80.92001113519953	0.6605080979227482	0.1584546025779587	9.038162704605838
5	b5_original	all	bc_follow	1.689185135699919	450.86838445025404	-0.1299895110280078	-34.21404633296743	0.7259115164171444	0.009536529317719006	0.45126445863422326
5	b5_original	all	safe_reference	1.689185135699919	528.1694587231448	-0.09286974181511755	-27.603662125907643	0.6932707118309905	-0.003353710432822639	-0.1870010204610408
5	opened_austin_prevalence	collision	bc_collision	0.3298737288877077	128.72063427590112	-0.44375883952360357	-39.1479369652174	0.5339001079837168	0.04851874143779964	1.096752080050907
5	opened_austin_prevalence	collision	bc_overtake	0.3298737288877077	158.94058701423245	-0.3358144476000006	-33.867188284837205	0.6632261523520284	0.18304488066343094	2.963846012109733
5	opened_austin_prevalence	collision	bc_follow	0.3298737288877077	130.56254524141997	-0.2427016096976049	-18.498546714246512	0.71003306778228	-0.005510115542098729	-0.07550406125093226
5	opened_austin_prevalence	collision	safe_reference	0.3298737288877077	150.37802842235823	-0.2067246819099687	-17.494272983492028	0.6887293227519927	-0.009389033342048322	-0.14905632102292932
5	opened_austin_prevalence	overtake	bc_collision	2.073769491194603	987.387389303599	-0.3887492636826133	-263.06971104657015	0.5674085330559362	0.027433158772040497	4.756792005893895
5	opened_austin_prevalence	overtake	bc_overtake	2.073769491194603	1216.106901642252	-0.25176402594843966	-194.27207588500934	0.6624074900334815	0.16668915985646068	20.651059926017897
5	opened_austin_prevalence	overtake	bc_follow	2.073769491194603	985.6685927688247	-0.15873595212405145	-91.3382246281244	0.7245178277273903	0.008640514920140827	0.8938436140198671
5	opened_austin_prevalence	overtake	safe_reference	2.073769491194603	1142.6894924609728	-0.11986242095980221	-77.07800391737663	0.6993294960980231	-0.0041028919768495474	-0.49495241384688726
5	opened_austin_prevalence	follow	bc_collision	1.584876600981108	373.46198127458086	0.539472598838488	138.07958709074688	-0.512288987969813	-0.058232395644181485	-3.8191069696740585
5	opened_austin_prevalence	follow	bc_overtake	1.584876600981108	443.96446198423195	0.435863514442113	122.78453695758236	-0.6424066119800942	-0.20336609187505558	-9.197927592551677
5	opened_austin_prevalence	follow	bc_follow	1.584876600981108	356.8767193278655	0.35937597944757005	74.87099584271971	-0.6767811778015965	0.014058608222496253	0.5265644620279544
5	opened_austin_prevalence	follow	safe_reference	1.584876600981108	415.3795356564018	0.3152165887803604	73.68402504438168	-0.665157675909417	0.021951985434363264	0.9626402851529159
5	opened_austin_prevalence	all	bc_collision	2.2874372024790897	755.6551491125123	-0.31693627852740175	-164.13805856690396	0.5791736199461163	0.015330980925956169	2.0344375266494996
5	opened_austin_prevalence	all	bc_overtake	2.2874372024790897	944.9230053201132	-0.1757165414648306	-105.35472604646945	0.6622403742528784	0.14976646812681907	14.416978367044006
5	opened_austin_prevalence	all	bc_follow	2.2874372024790897	772.103794867698	-0.07757488262150969	-34.96577512645989	0.7321693625387036	0.01659681032252047	1.344904096614865
5	opened_austin_prevalence	all	safe_reference	2.2874372024790897	890.9866725935974	-0.04165927370619343	-20.888251224720584	0.7030333390278782	0.0033874465980414	0.31863156400026293
6	b5_original	collision	bc_collision	6.2875979930274735	3272.7911064361847	-0.39950544669855753	-896.0962979700876	0.4331011893726498	0.2867516618216836	152.61124926571847
6	b5_original	collision	bc_overtake	6.2875979930274735	4065.0029886952043	-0.27000840954743416	-696.4390474200352	0.2572810057618822	0.49187466437848787	227.22445656511172
6	b5_original	collision	bc_follow	6.2875979930274735	3290.542307450212	-0.1779771953168597	-341.8835333039448	0.4765823558272692	0.3637925466984323	132.2850251619996
6	b5_original	collision	safe_reference	6.2875979930274735	3837.0310394731405	-0.13810026504166734	-298.2009375942095	0.25158917985535656	0.3383902744016719	149.2121268048324
6	b5_original	overtake	bc_collision	2.290140163195022	992.5130242401374	-0.3777955131231666	-256.984365475941	0.44395047439501545	0.29535039608405156	47.66900531167339
6	b5_original	overtake	bc_overtake	2.290140163195022	1232.4872141249107	-0.23096466567675866	-180.6229452152216	0.24762075309007678	0.48285755678635434	67.63028319106887
6	b5_original	overtake	bc_follow	2.290140163195022	982.1650330019021	-0.1394638015999079	-79.96359552330259	0.4592907891370546	0.3735770845296111	40.54656846839744
6	b5_original	overtake	safe_reference	2.290140163195022	1161.2407170090353	-0.0974179720745269	-63.662035451799866	0.230932425996594	0.34139389409449095	45.558450032762
6	b5_original	follow	bc_collision	2.062585830172747	1090.8212869678691	-0.3941342094323556	-294.65338065435094	0.42477543848745053	0.28224650156860764	50.066183835934346
6	b5_original	follow	bc_overtake	2.062585830172747	1352.721359907357	-0.26563092255645676	-227.9984692635698	0.2533039612396753	0.49184690513429397	75.60979169122629
6	b5_original	follow	bc_follow	2.062585830172747	1098.1438178454857	-0.17356450831149517	-111.26702836246267	0.4722164986705275	0.36479138236418046	44.268336180774405
6	b5_original	follow	safe_reference	2.062585830172747	1275.9819711163836	-0.13339086086123303	-95.7832995513928	0.24803810079472655	0.3401381053926299	49.87590190083906
6	b5_original	all	bc_collision	10.372489239504741	5353.09045012598	-0.3946122041235055	-1447.7340411009723	0.4336617249792315	0.2875904857589039	250.34643636211297
6	b5_original	all	bc_overtake	10.372489239504741	6647.566716238574	-0.2619861783570838	-1105.0604539182714	0.25478302188478913	0.49039290124815893	370.46452782138624
6	b5_original	all	bc_follow	10.372489239504741	5368.820314417447	-0.1700963507549381	-533.1141521046266	0.4727063332038417	0.36592442744201326	217.0999278931796
6	b5_original	all	safe_reference	10.372489239504741	6271.935142946291	-0.12966094653080815	-457.64626943353494	0.24713517070241467	0.33942706676148143	244.6464766264554
6	opened_austin_prevalence	collision	bc_collision	0.6060631064901851	305.5617175286106	-0.3990082730700265	-83.55925035259793	0.4383015410830627	0.29007287056590847	14.413464172704453
6	opened_austin_prevalence	collision	bc_overtake	0.6060631064901851	379.35773785306617	-0.26710026109358725	-64.29366934278264	0.2584797290262696	0.4913790364247932	21.183870949159164
6	opened_austin_prevalence	collision	bc_follow	0.6060631064901851	307.02622368283346	-0.17499516247513985	-31.365185496605115	0.4766881528895195	0.36444821631268287	12.365187556125885
6	opened_austin_prevalence	collision	safe_reference	0.6060631064901851	358.4992820541765	-0.13493524757663367	-27.22280552286956	0.25160285308400304	0.33792346618435226	13.921870098699767
6	opened_austin_prevalence	overtake	bc_collision	3.137967648022076	821.1811115443348	-0.32091292872105465	-180.6091952333303	0.4520535932544355	0.306084391528674	40.87355880463932
6	opened_austin_prevalence	overtake	bc_overtake	3.137967648022076	1010.45551393924	-0.14207674744019727	-91.09303192234033	0.2234910431251979	0.4579984597428907	52.592154966837796
6	opened_austin_prevalence	overtake	bc_follow	3.137967648022076	789.8372358494629	-0.048735576121876054	-22.471396075762016	0.4129405735216201	0.38810270839585975	33.87456179092395
6	opened_austin_prevalence	overtake	safe_reference	3.137967648022076	951.615061896039	-0.006957164361433868	-3.7257417719915975	0.18639229665621576	0.3434127483240672	37.55507694877153
6	opened_austin_prevalence	follow	bc_collision	2.190223571831465	1152.8619365012821	-0.40119315039891007	-316.98922663783964	0.42938213406567177	0.28338132396392457	53.126455703229645
6	opened_austin_prevalence	follow	bc_overtake	2.190223571831465	1430.7170437243706	-0.2739440244961605	-248.69126725832902	0.2572627887283838	0.49318919928473626	80.18757108705094
6	opened_austin_prevalence	follow	bc_follow	2.190223571831465	1158.970029522081	-0.18260892719005348	-123.54937606933167	0.4778333972343883	0.363337282928281	46.534127748467256
6	opened_austin_prevalence	follow	safe_reference	2.190223571831465	1349.191290175427	-0.14210461016113368	-107.89488999515594	0.25247363652006904	0.3383038337693387	52.45312701386779
6	opened_austin_prevalence	all	bc_collision	5.193943534546682	2263.0872015202017	-0.37469594481303925	-581.1576695813696	0.441946893060781	0.29459113188847913	108.41347753321574
6	opened_austin_prevalence	all	bc_overtake	5.193943534546682	2805.5597155832656	-0.22698685078717354	-404.07796597304775	0.24663680878282504	0.48290174940712344	153.96359618646613
6	opened_austin_prevalence	all	bc_follow	5.193943534546682	2243.745775061612	-0.13542512278491387	-177.38595572706424	0.4574075178287305	0.3741645589772658	92.77387674782543
6	opened_austin_prevalence	all	safe_reference	5.193943534546682	2646.0770889914543	-0.09324030383990864	-138.84343597528442	0.22985286018511916	0.3417809139677766	103.93007362252186
7	b5_original	collision	bc_collision	5.014245099200943	2536.2627693798568	0.3866064505313756	672.0120099499757	0.683885527018763	-0.39755060894941885	-215.35270027777085
7	b5_original	collision	bc_overtake	5.014245099200943	3152.2320576797515	0.2649967058787826	530.0338542292402	0.7586457797321189	-0.4914079228598491	-227.02754493619966
7	b5_original	collision	bc_follow	5.014245099200943	2589.488522342001	0.17216929921634985	260.2651674136632	0.5672810726445542	-0.5556230067321134	-199.53241904654277
7	b5_original	collision	safe_reference	5.014245099200943	2986.9094268817453	0.13363486334118035	224.62650894344853	0.680640809348831	-0.4243954988185053	-169.38618640025783
7	b5_original	overtake	bc_collision	3.3363172332321307	1756.0190709952128	0.38253043643336687	460.3720153244386	0.6949182216709818	-0.40350618466250776	-151.33628751514283
7	b5_original	overtake	bc_overtake	3.3363172332321307	2179.285769865543	0.25274923665084165	349.5014553790628	0.7689361504463055	-0.48851252844158616	-156.02999920248232
7	b5_original	overtake	bc_follow	3.3363172332321307	1768.0702103872777	0.1600891867405348	165.23720923825192	0.577805348394075	-0.5566332863409182	-136.48594697630477
7	b5_original	overtake	safe_reference	3.3363172332321307	2052.8816852786235	0.12045630340663198	139.1594269274691	0.6911400315246576	-0.4206449326066971	-115.3890902620956
7	b5_original	follow	bc_collision	1.3052977771552332	680.980214257357	-0.38961908227236086	-181.83957384999934	-0.6883280628430236	0.4053345526944118	58.953795759371836
7	b5_original	follow	bc_overtake	1.3052977771552332	844.2392801993589	-0.26422495317231987	-141.54167716003343	-0.7610669491931521	0.4920050894189558	60.8770174902306
7	b5_original	follow	bc_follow	1.3052977771552332	692.7175741645642	-0.17117490753071993	-69.22176262985559	-0.5689202444046987	0.5569063551432085	53.5004748585203
7	b5_original	follow	safe_reference	1.3052977771552332	800.9802944450159	-0.1325693506566052	-59.75636082186286	-0.6808212520333221	0.4242048798659446	45.40280239639954
7	b5_original	all	bc_collision	6.933986288389093	3610.452084098604	0.38414673834211793	950.5444443472168	0.6885744983900653	-0.39907261104491976	-307.7351892225895
7	b5_original	all	bc_overtake	6.933986288389093	4486.500483094086	0.2592387630658586	737.9936285018174	0.7633202183312532	-0.4899743538427334	-322.180524932838
7	b5_original	all	bc_follow	6.933986288389093	3664.2370132184105	0.1665567685416435	356.2806119749881	0.5721428997634517	-0.5559594782721995	-282.5178893801748
7	b5_original	all	safe_reference	6.933986288389093	4238.100981293984	0.12747509643933494	304.02957314679594	0.6858063904165856	-0.4226858786083612	-239.37247322215083
7	opened_austin_prevalence	collision	bc_collision	1.0486324714448638	527.9053121732002	0.38580245313051964	139.5837009503884	0.6835897699361987	-0.3964456808917834	-44.6995730572695
7	opened_austin_prevalence	collision	bc_overtake	1.0486324714448638	656.1889052777738	0.2649759168245076	110.3266012868963	0.7584992585376837	-0.4909867463707469	-47.219009113827354
7	opened_austin_prevalence	collision	bc_follow	1.0486324714448638	539.4177152513793	0.17187681701288002	54.12387142148868	0.5672558723409828	-0.5548993659535673	-41.51056942271146
7	opened_austin_prevalence	collision	safe_reference	1.0486324714448638	621.8352412967622	0.13370219895972793	46.787847031042894	0.6803428197767392	-0.42459847816830837	-35.28084125640907
7	opened_austin_prevalence	overtake	bc_collision	6.085725062398014	3210.7558376663715	0.38499049151945314	847.1707964304651	0.6928676564507509	-0.40395814795389523	-277.01756361762943
7	opened_austin_prevalence	overtake	bc_overtake	6.085725062398014	3991.4204451665714	0.2570068657583204	650.904322848095	0.7662253811123193	-0.4895822316790895	-286.3988978213224
7	opened_austin_prevalence	overtake	bc_follow	6.085725062398014	3235.851309605808	0.16423013180752583	310.2328229124588	0.5756918142559321	-0.5571701794372981	-250.03204821109628
7	opened_austin_prevalence	overtake	safe_reference	6.085725062398014	3760.563146845492	0.12482047921537366	264.15443790679416	0.6888464383929889	-0.4210996090768889	-211.60352183991216
7	opened_austin_prevalence	follow	bc_collision	5.152105416172756	2713.7119483162633	-0.3958363647336356	-736.195449078242	-0.6883015317541828	0.40915603793477523	237.14630560033345
7	opened_austin_prevalence	follow	bc_overtake	5.152105416172756	3362.2826348806557	-0.2700635793504492	-576.1627672403697	-0.7582064693606816	0.4944843122680418	243.67162114121356
7	opened_austin_prevalence	follow	bc_follow	5.152105416172756	2749.689975990511	-0.17749757421979923	-284.91971327415934	-0.5685033898633437	0.5592695672037233	213.26725311317807
7	opened_austin_prevalence	follow	safe_reference	5.152105416172756	3186.4209600337576	-0.13858298309145162	-248.50334322622967	-0.6794201336324055	0.42524262693179316	181.06108152893077
7	opened_austin_prevalence	all	bc_collision	2.2744543611726926	1026.625990312997	0.3561099977624599	250.55906140640664	0.6990349864984683	-0.3856956221092593	-84.57083454096963
7	opened_austin_prevalence	all	bc_overtake	2.2744543611726926	1286.8440979531422	0.22665266308513932	185.06816299756613	0.7823341127453426	-0.47691292663472884	-89.94628821454974
7	opened_austin_prevalence	all	bc_follow	2.2744543611726926	1027.1262686262749	0.13248068589069695	79.436984641191	0.5896382491315065	-0.5495181285783146	-78.27536795760274
7	opened_austin_prevalence	all	safe_reference	2.2744543611726926	1197.6384984601925	0.0926425767073428	62.43894465307723	0.7085553362643418	-0.41130939606240136	-65.82328409107141
8	b5_original	collision	bc_collision	4.246361182646697	1741.8764645819288	0.46272623626086523	552.4019051542116	-0.2611347227588196	-0.12017353996314112	-42.22231836675715
8	b5_original	collision	bc_overtake	4.246361182646697	2147.4501382981475	0.345752748945865	471.1223236509493	-0.5344471446370019	-0.008418462250708615	-2.8162133826660583
8	b5_original	collision	bc_follow	4.246361182646697	1735.6472626098375	0.2593302928916416	262.76109576337757	-0.21592054462807367	-0.30907518064142003	-71.82173271194475
8	b5_original	collision	safe_reference	4.246361182646697	2031.3028269176932	0.21933658243791213	250.72920597668084	-0.4070834659881433	-0.014716188982012228	-4.08100475098745
8	b5_original	overtake	bc_collision	4.334302138316806	2294.707600572364	-0.4000206423813927	-629.1054523643946	0.278771671882353	0.07598230423902283	35.16864893326415
8	b5_original	overtake	bc_overtake	4.334302138316806	2849.8106495087204	-0.27427835479611734	-495.96667201052907	0.5294466804085143	-0.04108679641889938	-18.240132366603525
8	b5_original	overtake	bc_follow	4.334302138316806	2308.6833758963357	-0.1820886064222354	-245.4106998437518	0.24046857801323324	0.27794118882026897	85.91076087500304
8	b5_original	overtake	safe_reference	4.334302138316806	2686.259331041069	-0.1429216650032433	-216.05542926380875	0.4241327523205825	-0.021120032713063525	-7.7453240894864015
8	b5_original	follow	bc_collision	0.8780843066758224	446.3664928964139	0.37295517521617777	114.0937661937973	-0.2829267265024732	-0.051076763856686	-4.598655008460197
8	b5_original	follow	bc_overtake	0.8780843066758224	547.8893052828993	0.24153188039314247	83.96769635649696	-0.5268100993780933	0.06275420476590361	5.3560590204695
8	b5_original	follow	bc_follow	0.8780843066758224	452.49442405562377	0.1466243551994877	38.73162275789433	-0.2480435923173691	-0.2624152933399793	-15.897639793265459
8	b5_original	follow	safe_reference	0.8780843066758224	516.9684989638012	0.10891300208649485	31.68567693015611	-0.427932771435627	0.033056304098792316	2.33300380332908
8	b5_original	all	bc_collision	2.402635410435643	189.72450330240912	0.28755498142325736	37.39021927481438	0.3085844785431616	-0.3044901708590198	-11.652324561862972
8	b5_original	all	bc_overtake	2.402635410435643	234.90611545001042	0.39666122561494316	59.1233488811323	0.3085938147367961	-0.4290457131706905	-15.700286973507504
8	b5_original	all	bc_follow	2.402635410435643	193.21213202182057	0.4972134891116588	56.082019121606166	0.35280167592309825	-0.0699166488587561	-1.8086114497117785
8	b5_original	all	safe_reference	2.402635410435643	217.82686567334778	0.5413425723166161	66.35945411983404	0.4186490258214176	-0.3192345115821619	-9.493325003830009
8	opened_austin_prevalence	collision	bc_collision	0.791658302090468	232.56937229644888	0.5158398522146693	82.22068756118341	-0.2431093090826133	-0.15853247074246024	-7.436808859132225
8	opened_austin_prevalence	collision	bc_overtake	0.791658302090468	284.7815439556864	0.4097040423098577	74.03328870713935	-0.5354252411810864	-0.05459360392187172	-2.421939583434593
8	opened_austin_prevalence	collision	bc_follow	0.791658302090468	230.57773693081214	0.3278878812888472	44.13560497264382	-0.19053257274115043	-0.33578380019499854	-10.365908981186855
8	opened_austin_prevalence	collision	safe_reference	0.791658302090468	270.7180463084244	0.28802037117004053	43.8792901308231	-0.38771866078443457	-0.048541872568365674	-1.7940345566395948
8	opened_austin_prevalence	overtake	bc_collision	7.447561173817657	3932.8852547267047	-0.40295943236947424	-1086.1412150421538	0.2785552888080032	0.0775445455921512	61.51462793131455
8	opened_austin_prevalence	overtake	bc_overtake	7.447561173817657	4881.60706406189	-0.27735827868990937	-859.1102587661876	0.5297984095658763	-0.03884223483812654	-29.537703640998878
8	opened_austin_prevalence	overtake	bc_follow	7.447561173817657	3952.912139938124	-0.18534915992677628	-427.7146536309041	0.23984080018201706	0.27963481695743214	147.9921516154165
8	opened_austin_prevalence	overtake	safe_reference	7.447561173817657	4600.460205924406	-0.14607812270863194	-378.1861652510091	0.42369269232751444	-0.019948797271249846	-12.528961260327254
8	opened_austin_prevalence	follow	bc_collision	0.6787306114878858	327.7772731938198	0.39933740776875076	89.70827889269296	-0.2815959466402874	-0.08016840794825077	-5.300269683767101
8	opened_austin_prevalence	follow	bc_overtake	0.6787306114878858	407.55338759943965	0.2713350652088678	70.16739968947726	-0.5280963948965396	0.04127822999521414	2.6206877235801156
8	opened_austin_prevalence	follow	bc_follow	0.6787306114878858	329.39244859796446	0.17950904538743673	34.518055451757604	-0.2413354560446153	-0.2793358172964474	-12.318860674220254
8	opened_austin_prevalence	follow	safe_reference	0.6787306114878858	385.5350584738076	0.1393586835893272	30.235495619521913	-0.4241617757014864	0.024918710578789097	1.3115550188664145
8	opened_austin_prevalence	all	bc_collision	6.393074147131633	3376.8547407703063	-0.3950217125654321	-914.212255580667	0.2803453301706568	0.07161297604731465	48.77754880043356
8	opened_austin_prevalence	all	bc_overtake	6.393074147131633	4193.674609615116	-0.2686652092650617	-714.9095759453407	0.5290255392861009	-0.0449097070482228	-29.338955790185047
8	opened_austin_prevalence	all	bc_follow	6.393074147131633	3396.8519771039037	-0.17602662164911073	-349.06099496372025	0.24276682478473452	0.27553054885735584	125.30738256591779
8	opened_austin_prevalence	all	safe_reference	6.393074147131633	3948.3940835876756	-0.13684718704564913	-304.0713815356293	0.42566412454905567	-0.024138364051375722	-13.011440994651903
9	b5_original	collision	bc_collision	5.413294716573059	2285.8188229444154	0.3871927281847657	606.5724610657178	0.38455218906734184	-0.11732848889535379	-53.914909785739766
9	b5_original	collision	bc_overtake	5.413294716573059	2838.2383209397526	0.279574422146997	503.4904625568949	0.368012934512065	-0.09521046565349915	-43.76788542030403
9	b5_original	collision	bc_follow	5.413294716573059	2312.5238082099245	0.18633673947128807	251.55389754168712	0.23188858129477058	-0.3187148176859804	-102.2969573988311
9	b5_original	collision	safe_reference	5.413294716573059	2648.2004605369175	0.15047219489522748	224.24681984941796	0.3643581205499593	-0.11018489711695359	-40.623023405819204
9	b5_original	overtake	bc_collision	1.7435342171494577	703.9350829438274	0.308196604215203	148.68739463071418	0.3441548193784789	-0.08717742338713519	-12.336735115400359
9	b5_original	overtake	bc_overtake	1.7435342171494577	872.9955122666039	0.16222748996433292	89.86310339902195	0.3298137462666724	-0.017851829423468066	-2.5241592766645833
9	b5_original	overtake	bc_follow	1.7435342171494577	708.2813834320848	0.06995554081024313	28.9250615202045	0.20420643328070875	-0.287887393456549	-28.301061392966904
9	b5_original	overtake	safe_reference	1.7435342171494577	819.343050692092	0.026456101620946575	12.198622864758537	0.33264610152882945	-0.058187041265084595	-6.637298731662044
9	b5_original	follow	bc_collision	1.7056266680081178	897.0061963881805	-0.3850640707379729	-236.72391403305403	-0.3684499801353637	0.13928357551921347	25.116490216726405
9	b5_original	follow	bc_overtake	1.7056266680081178	1113.0259163681403	-0.2546124933916035	-179.81666539478363	-0.3465886126052503	0.08383677822214611	15.113389441768158
9	b5_original	follow	bc_follow	1.7056266680081178	904.0663496507494	-0.16226082883480547	-85.6367822782037	-0.2171259557560985	0.3220989462370616	40.416979827199825
9	b5_original	follow	safe_reference	1.7056266680081178	1051.7494918213379	-0.12214882332921875	-72.29708361781849	-0.3488620102649715	0.09857736540884644	14.434070879940197
9	b5_original	all	bc_collision	5.379295840146567	2091.578809373843	0.36173534204806007	518.535945189217	0.37807677401564105	-0.09783073530313575	-41.135156295449946
9	b5_original	all	bc_overtake	5.379295840146567	2593.4859580030825	0.2512959079165857	413.53690250525943	0.36501922335188236	-0.07422521528155468	-31.17865546961154
9	b5_original	all	bc_follow	5.379295840146567	2112.4494443568788	0.15799753253410626	194.8421776196764	0.22939588590504828	-0.30757757216830767	-90.181039621973
9	b5_original	all	safe_reference	5.379295840146567	2410.9174021457416	0.12098597678171863	164.14835958632477	0.3610779758530504	-0.09780017758481158	-32.82625137668437
9	opened_austin_prevalence	collision	bc_collision	1.2433653595725493	485.608674902085	0.38619570705885004	128.530906442944	0.38706864675736125	-0.11327414943785666	-11.058108505138094
9	opened_austin_prevalence	collision	bc_overtake	1.2433653595725493	602.9369126948942	0.2828246922998889	108.20171615477292	0.3715506292899245	-0.09631532764029195	-9.40566042719618
9	opened_austin_prevalence	collision	bc_follow	1.2433653595725493	491.4320331007195	0.18932877219118532	54.3158307401613	0.23465986346017184	-0.31764079671921813	-21.665762962971826
9	opened_austin_prevalence	collision	safe_reference	1.2433653595725493	561.4311763966593	0.15446250624241684	48.802130597634864	0.3668722282589028	-0.11194729637422463	-8.75002815958941
9	opened_austin_prevalence	overtake	bc_collision	1.5893791012300185	368.85824606151743	0.20543318991135526	51.93304635691128	0.31676266220435745	0.0036160063998008484	0.26813424767128513
9	opened_austin_prevalence	overtake	bc_overtake	1.5893791012300185	444.838255872273	0.04650553538219531	13.12658425912361	0.3192874573435099	0.06797791095491837	4.897697517414606
9	opened_austin_prevalence	overtake	bc_follow	1.5893791012300185	370.4500375343154	-0.04024839012914066	-8.70411265101238	0.19243622001480717	-0.2301964495385944	-11.8359334077305
9	opened_austin_prevalence	overtake	safe_reference	1.5893791012300185	410.46601596436267	-0.0913756712123219	-21.10702217094652	0.31152507656198947	-0.011914336100330348	-0.680842047546578
9	opened_austin_prevalence	follow	bc_collision	1.3829196677775442	609.6803601131938	-0.372293076872886	-155.56104698326573	-0.3592788846562666	0.14545657606187337	17.827858006635523
9	opened_austin_prevalence	follow	bc_overtake	1.3829196677775442	764.7330665494392	-0.23198918362580706	-112.56997216706147	-0.33527947829129656	0.06468887031984634	8.012378416221408
9	opened_austin_prevalence	follow	bc_follow	1.3829196677775442	606.8676152320915	-0.13872849096495354	-49.14801371242895	-0.21273527036869141	0.31662355350286786	26.669288544184642
9	opened_austin_prevalence	follow	safe_reference	1.3829196677775442	720.3084775862528	-0.09786472201693437	-39.67015278758924	-0.34120553591707825	0.08310930260780958	8.334268351952678
9	opened_austin_prevalence	all	bc_collision	2.177365274055532	280.8644684418299	0.12937177859503463	24.90290672860906	0.3053399218622255	0.12464696124157115	7.03788388357192
9	opened_austin_prevalence	all	bc_overtake	2.177365274055532	306.039673773046	0.04510228564907762	8.758328583083655	0.35829852639971266	0.07069941942790854	3.504415511615283
9	opened_austin_prevalence	all	bc_follow	2.177365274055532	264.89260697583313	-0.02286822206620277	-3.5362957935744452	0.2170888591307395	-0.1858359345019823	-6.832407840580415
9	opened_austin_prevalence	all	safe_reference	2.177365274055532	269.76858948397717	-0.07887993978512149	-11.97504438299386	0.3264676773726921	-0.029198347053876927	-1.096601822453577
10	b5_original	collision	bc_collision	4.681680639362375	1053.3059250509077	-0.3324094509201186	-239.96150784932172	0.0022596576651751337	0.04054961520279408	8.50839731693014
10	b5_original	collision	bc_overtake	4.681680639362375	1249.27583806472	-0.13522653762279274	-107.19270285434877	-0.4943763223021258	-0.09001831775228182	-18.13787421780359
10	b5_original	collision	bc_follow	4.681680639362375	1000.6052762623118	-0.04311608105859782	-25.18537457640703	-0.315918428086775	0.22482125873893952	30.847384235223828
10	b5_original	collision	safe_reference	4.681680639362375	1190.1047792594943	-0.0021255007028865066	-1.4235267491833858	-0.4801657458221168	-0.060346238285516954	-9.669497314474778
10	b5_original	overtake	bc_collision	0.98827558333425	414.3640876621933	0.3937427600018662	111.81714054593837	0.280979318665943	0.020672409830918614	1.706395560172019
10	b5_original	overtake	bc_overtake	0.98827558333425	508.22086947479363	0.28261756460420234	91.13739216739404	0.6682835569736227	0.024201644885942005	1.9837846786349809
10	b5_original	overtake	bc_follow	0.98827558333425	419.524535014737	0.18853022418639326	46.17263871710529	0.5081142008771402	-0.23619445471059092	-13.587677840015887
10	b5_original	overtake	safe_reference	0.98827558333425	474.2837408641237	0.15495610829101375	41.358627428313504	0.6430427307209612	0.016778733753241213	1.0714352091174189
10	b5_original	follow	bc_collision	0.8694837196368468	447.53719875122096	0.3840058047674479	117.78245998077074	0.23027704742340535	-0.004719867340564621	-0.4207900180077693
10	b5_original	follow	bc_overtake	0.8694837196368468	551.5992055464193	0.25829986196836546	90.40506421288303	0.6393209233538218	0.03186176813351536	2.8345926555726466
10	b5_original	follow	bc_follow	0.8694837196368468	456.1136906996825	0.16386989566641078	43.63335740971763	0.47911875532619697	-0.23905978161095068	-14.951948966757701
10	b5_original	follow	safe_reference	0.8694837196368468	522.8013034264532	0.12691873814870802	37.34062539511974	0.6160858800013805	0.0211615299473687	1.4895401693302333
10	b5_original	all	bc_collision	4.732919155381464	399.7521936740768	-0.0378211778946607	-10.36190480411352	0.555007323375672	0.12298803273525391	9.794002440488065
10	b5_original	all	bc_overtake	4.732919155381464	368.98779757376053	0.317557663568336	74.34975729088623	0.20237031267178182	-0.22380957974794632	-13.319497133968632
10	b5_original	all	bc_follow	4.732919155381464	277.9490401528042	0.3982535171136498	64.62062357798987	0.4158652782799843	0.06054896543757032	2.30775704305242
10	b5_original	all	safe_reference	4.732919155381464	341.4394589386295	0.4021705048223359	77.27572813902242	0.16292103553945783	-0.15463119191312502	-7.108521930420715
10	opened_austin_prevalence	collision	bc_collision	1.170569404748773	195.59813187098862	-0.29082157609306153	-38.98567144829016	0.10071561358970398	0.05413249220742464	2.1092556548492802
10	opened_austin_prevalence	collision	bc_overtake	1.170569404748773	226.61408965865795	-0.069206006649772	-9.951204507568438	-0.4182586389884711	-0.11931011655390378	-4.3607514227934185
10	opened_austin_prevalence	collision	bc_follow	1.170569404748773	179.39212879999513	0.023327625666190312	2.442982001054129	-0.23192931118372126	0.2103783269205609	5.175145445107781
10	opened_austin_prevalence	collision	safe_reference	1.170569404748773	216.90405716651298	0.06087777924594908	7.4309725514767235	-0.411330040799515	-0.07772203894073551	-2.2697621802703196
10	opened_austin_prevalence	overtake	bc_collision	3.104529636361204	1565.4547871456984	0.38173704852385126	409.5609412994195	0.23672937884939485	0.0016715569759489768	0.5212765770269705
10	opened_austin_prevalence	overtake	bc_overtake	3.104529636361204	1949.7318644620318	0.25807591001809704	319.2767615594664	0.6419110763892505	0.03517306180399748	11.060689919546707
10	opened_austin_prevalence	overtake	bc_follow	3.104529636361204	1583.2953703639134	0.1655003108292323	152.97029411235786	0.4799252997831722	-0.23862299525668548	-51.807473565554815
10	opened_austin_prevalence	overtake	safe_reference	3.104529636361204	1834.147392961389	0.1265960244361897	130.6692746975083	0.6197839063809815	0.02740253015720273	6.766956610193779
10	opened_austin_prevalence	follow	bc_collision	0.9756731435762781	224.20911153201146	-0.5535019715090382	-85.05231166670038	-0.2757471834334581	0.11879363225217195	5.305824939687456
10	opened_austin_prevalence	follow	bc_overtake	0.9756731435762781	287.9907302119197	-0.46293731880151795	-84.59518683043368	-0.6745765644065526	0.09868534090302405	4.583827939543962
10	opened_austin_prevalence	follow	bc_follow	0.9756731435762781	221.02165381761404	-0.4004267322809788	-51.66592787518327	-0.5667491897003188	0.3049790454749291	9.243213925612695
10	opened_austin_prevalence	follow	safe_reference	0.9756731435762781	268.9513810833842	-0.34584845396355474	-52.345433102931494	-0.646194350153288	0.034331459982797824	1.2431815208817776
10	opened_austin_prevalence	all	bc_collision	3.0031114725169084	1184.6065352848302	0.3516844973435569	285.52296238141696	0.2772767913899357	0.03363106376756372	7.93635756309436
10	opened_austin_prevalence	all	bc_overtake	3.0031114725169084	1464.8685701915626	0.24177876699334155	224.73037287105382	0.6570551182585533	0.04775933572746352	11.28376652218201
10	opened_austin_prevalence	all	bc_follow	3.0031114725169084	1206.270204069318	0.1473282606983921	103.74734902138347	0.4915924922531935	-0.2260384940581047	-37.38911496725643
10	opened_austin_prevalence	all	safe_reference	3.0031114725169084	1374.2757243155238	0.11088312589338867	85.75481527263796	0.6357974692249732	0.0310240127937076	5.740376005385459
